cuicpclaimantuserXFimi@gmail.com,cuicpdefuserlESJE@gmail.com,Password12!,1726068796260626
cuicpclaimantuserAxZHs@gmail.com,cuicpdefuseruaDom@gmail.com,Password12!,1726068817114497
cuicpclaimantuserRIyKy@gmail.com,cuicpdefuserDWycf@gmail.com,Password12!,1726068831195183
cuicpclaimantusernUkdF@gmail.com,cuicpdefuserUykib@gmail.com,Password12!,1726068850479955
cuicpclaimantuserTJDgy@gmail.com,cuicpdefuserdYaeD@gmail.com,Password12!,1726068873804973
cuicpclaimantuserUebFa@gmail.com,cuicpdefuserCGDED@gmail.com,Password12!,1726068892712728
cuicpclaimantuserltAQr@gmail.com,cuicpdefuserEzJln@gmail.com,Password12!,1726068910815222
cuicpclaimantuserOHYZH@gmail.com,cuicpdefuserTRwtn@gmail.com,Password12!,1726068934210574
cuicpclaimantuserJyGJq@gmail.com,cuicpdefuserWuWge@gmail.com,Password12!,1726068948434905
cuicpclaimantuserTEqLl@gmail.com,cuicpdefusernkwwP@gmail.com,Password12!,1726068972778714
cuicpclaimantuserOIfPg@gmail.com,cuicpdefuserCzDtc@gmail.com,Password12!,1726068991486224
cuicpclaimantuserVOiEE@gmail.com,cuicpdefuserVlnSZ@gmail.com,Password12!,1726069009723624
cuicpclaimantuserxtWEy@gmail.com,cuicpdefuserFcjbi@gmail.com,Password12!,1726069030112664
cuicpclaimantuserdyIQX@gmail.com,cuicpdefuserjyefd@gmail.com,Password12!,1726069050583638
cuicpclaimantuserMlxee@gmail.com,cuicpdefuserXYgdO@gmail.com,Password12!,1726069068872544
