cuicpclaimantuserwGQoq@gmail.com,Password12!,1730816114957495
cuicpclaimantuserxoceG@gmail.com,Password12!,1730816116671938
cuicpclaimantuserKCdmi@gmail.com,Password12!,1730816119113516
cuicpclaimantuserqAOjV@gmail.com,Password12!,1730816151839283
cuicpclaimantuserkbgNA@gmail.com,Password12!,1730816157521067
cuicpclaimantuserluugo@gmail.com,Password12!,1730816195072859
cuicpclaimantuserQVLeg@gmail.com,Password12!,1730816205020500
cuicpclaimantuserMiqso@gmail.com,Password12!,1730816222159620
cuicpclaimantuserAalUO@gmail.com,Password12!,1730816276044504
cuicpclaimantuserJjWOY@gmail.com,Password12!,1730816291344673
cuicpclaimantuserAezZD@gmail.com,Password12!,1730816313973632
cuicpclaimantuserEGnAH@gmail.com,Password12!,1730816330170485
cuicpclaimantuseruuvFn@gmail.com,Password12!,1730816351583210
cuicpclaimantuserGhlES@gmail.com,Password12!,1730816353625761
cuicpclaimantuserQjdWF@gmail.com,Password12!,1730816417436833
cuicpclaimantuserCMbYH@gmail.com,Password12!,1730816433195470
cuicpclaimantuserxjCsM@gmail.com,Password12!,1730816457245938
cuicpclaimantuserUPizH@gmail.com,Password12!,1730816470202684
cuicpclaimantusersOJSI@gmail.com,Password12!,1730816473541559
cuicpclaimantusertzSEs@gmail.com,Password12!,1730816479997706
cuicpclaimantuserdnZZr@gmail.com,Password12!,1730816497087449
cuicpclaimantuserchxeq@gmail.com,Password12!,1730816521091326
cuicpclaimantusermIxrx@gmail.com,Password12!,1730816533358119
cuicpclaimantuserXUMCT@gmail.com,Password12!,1730816558448126
cuicpclaimantuservcqGy@gmail.com,Password12!,1730816576988822
cuicpclaimantuserjIllP@gmail.com,Password12!,1730816577945177
cuicpclaimantuserTpIJu@gmail.com,Password12!,1730816603327762
cuicpclaimantuserwEnId@gmail.com,Password12!,1730816608014142
cuicpclaimantuserTRtVA@gmail.com,Password12!,1730816620962369
cuicpclaimantusermQPrg@gmail.com,Password12!,1730816624066530
cuicpclaimantuserSddBS@gmail.com,Password12!,1730816637512058
cuicpclaimantusergoXqa@gmail.com,Password12!,1730816694146287
cuicpclaimantuserhkrYi@gmail.com,Password12!,1730816700353026
cuicpclaimantuserGxbVK@gmail.com,Password12!,1730816710393657
cuicpclaimantusernVMTi@gmail.com,Password12!,1730816711073712
cuicpclaimantuserXtoPe@gmail.com,Password12!,1730816734836681
cuicpclaimantuserjRlPO@gmail.com,Password12!,1730816746617319
cuicpclaimantuserWeKGG@gmail.com,Password12!,1730816758271633
cuicpclaimantusernUOdv@gmail.com,Password12!,1730816757009513
cuicpclaimantuserrGlJN@gmail.com,Password12!,1730816774753549
cuicpclaimantuserfVKnx@gmail.com,Password12!,1730816794255863
cuicpclaimantuserZTSjQ@gmail.com,Password12!,1730816799623115
cuicpclaimantuserHgFwG@gmail.com,Password12!,1730816852717937
cuicpclaimantuserJSTDL@gmail.com,Password12!,1730816852220023
cuicpclaimantuserbgfoz@gmail.com,Password12!,1730816866115045
cuicpclaimantuserHYRtk@gmail.com,Password12!,1730816888811589
cuicpclaimantuserRfVEp@gmail.com,Password12!,1730816904327750
cuicpclaimantuserpXprc@gmail.com,Password12!,1730816913996124
cuicpclaimantuserqgSBv@gmail.com,Password12!,1730816913910828
cuicpclaimantuserAoSMX@gmail.com,Password12!,1730816966556569
cuicpclaimantusermgEUl@gmail.com,Password12!,1730816983618137
cuicpclaimantuserhgJpV@gmail.com,Password12!,1730816984189104
cuicpclaimantuseryvySy@gmail.com,Password12!,1730817027532482
cuicpclaimantuserJZyYy@gmail.com,Password12!,1730817046601383
cuicpclaimantuserXGvmJ@gmail.com,Password12!,1730817067317117
cuicpclaimantuserJGDpP@gmail.com,Password12!,1730817071150264
cuicpclaimantuserXDDmS@gmail.com,Password12!,1730817085721324
cuicpclaimantusersTxmN@gmail.com,Password12!,1730817090001480
cuicpclaimantuserjVBEm@gmail.com,Password12!,1730817128611730
cuicpclaimantuserxoZZP@gmail.com,Password12!,1730817130653316
cuicpclaimantuserJcFxy@gmail.com,Password12!,1730817146421187
cuicpclaimantuserVFTzc@gmail.com,Password12!,1730817147990164
cuicpclaimantuserYuyFZ@gmail.com,Password12!,1730817160235299
cuicpclaimantusereNoLe@gmail.com,Password12!,1730817181816366
cuicpclaimantuserBKCWp@gmail.com,Password12!,1730817206673289
cuicpclaimantuserGEUVB@gmail.com,Password12!,1730817216178188
cuicpclaimantuserNvJMK@gmail.com,Password12!,1730817226791467
cuicpclaimantuserpkJIv@gmail.com,Password12!,1730817240735078
cuicpclaimantuserQJvqY@gmail.com,Password12!,1730817249443534
cuicpclaimantusereqsdh@gmail.com,Password12!,1730817295097101
cuicpclaimantuserSeOXB@gmail.com,Password12!,1730817325598888
cuicpclaimantusernQhmH@gmail.com,Password12!,1730817338230065
cuicpclaimantuserwJiLz@gmail.com,Password12!,1730817377691508
cuicpclaimantuseryuccv@gmail.com,Password12!,1730817379601455
cuicpclaimantuserhiCey@gmail.com,Password12!,1730817396246573
cuicpclaimantuserTlKcO@gmail.com,Password12!,1730817422742231
cuicpclaimantuserpWVfl@gmail.com,Password12!,1730817429563291
cuicpclaimantuserQukjQ@gmail.com,Password12!,1730817442975043
cuicpclaimantuserxySTr@gmail.com,Password12!,1730817463432452
cuicpclaimantusereMRhK@gmail.com,Password12!,1730817488884570
cuicpclaimantuserMlJPZ@gmail.com,Password12!,1730817485056263
cuicpclaimantuserTTfNt@gmail.com,Password12!,1730817523005561
cuicpclaimantuserpnCsy@gmail.com,Password12!,1730817548052010
cuicpclaimantuserEyUZN@gmail.com,Password12!,1730817562427189
cuicpclaimantuserGvYqd@gmail.com,Password12!,1730817585845979
cuicpclaimantuserrbxVP@gmail.com,Password12!,1730817589828781
cuicpclaimantuserBtKLy@gmail.com,Password12!,1730817643213707
cuicpclaimantuserIoRTx@gmail.com,Password12!,1730817663256545
cuicpclaimantuserHEGGS@gmail.com,Password12!,1730817693025134
cuicpclaimantuserIKBuG@gmail.com,Password12!,1730817683392932
cuicpclaimantuseroZIJe@gmail.com,Password12!,1730817715216208
cuicpclaimantuserathJA@gmail.com,Password12!,1730817718348008
cuicpclaimantuserjUISA@gmail.com,Password12!,1730817724355005
cuicpclaimantuserMHdeT@gmail.com,Password12!,1730817759831078
cuicpclaimantuserJivec@gmail.com,Password12!,1730817760119307
cuicpclaimantuserVEifT@gmail.com,Password12!,1730817779597832
cuicpclaimantuserqPmpT@gmail.com,Password12!,1730817804856484
cuicpclaimantuserYZyOe@gmail.com,Password12!,1730817829489485
cuicpclaimantuserPimgt@gmail.com,Password12!,1730817831729357
cuicpclaimantuserUjuwe@gmail.com,Password12!,1730817842046577
cuicpclaimantuserLDQxd@gmail.com,Password12!,1730817882791298
cuicpclaimantuserWemvq@gmail.com,Password12!,1730817921085009
cuicpclaimantuserUDCqx@gmail.com,Password12!,1730817949320834
cuicpclaimantuserVyKrY@gmail.com,Password12!,1730817944541608
cuicpclaimantuserkRaVl@gmail.com,Password12!,1730817977819921
cuicpclaimantuserdBFlQ@gmail.com,Password12!,1730817979355445
cuicpclaimantusertlWbT@gmail.com,Password12!,1730817983121502
cuicpclaimantuserNVZVd@gmail.com,Password12!,1730818023965122
cuicpclaimantuserXLwgS@gmail.com,Password12!,1730818050398726
cuicpclaimantuserrbNqC@gmail.com,Password12!,1730818112751136
cuicpclaimantuserHUpFJ@gmail.com,Password12!,1730818122507353
cuicpclaimantusereVKcF@gmail.com,Password12!,1730818111437265
cuicpclaimantuserCaLUn@gmail.com,Password12!,1730818096913330
cuicpclaimantuserTpOak@gmail.com,Password12!,1730818087511648
cuicpclaimantuserkVaYL@gmail.com,Password12!,1730818141946772
cuicpclaimantuserDMuEk@gmail.com,Password12!,1730818151187572
cuicpclaimantuserOSchv@gmail.com,Password12!,1730818148886443
cuicpclaimantusertMuVa@gmail.com,Password12!,1730818179195185
cuicpclaimantuserBoXBb@gmail.com,Password12!,1730818193657871
cuicpclaimantuserJEQng@gmail.com,Password12!,1730818194769899
cuicpclaimantuserRWbOO@gmail.com,Password12!,1730818289408882
cuicpclaimantuserKPski@gmail.com,Password12!,1730818315405811
cuicpclaimantusernGZyj@gmail.com,Password12!,1730818358431591
cuicpclaimantuserZWMCY@gmail.com,Password12!,1730818373798370
cuicpclaimantuserpfXoK@gmail.com,Password12!,1730818371405077
cuicpclaimantuserQbSXR@gmail.com,Password12!,1730818374997005
cuicpclaimantusereUkQh@gmail.com,Password12!,1730818435389267
cuicpclaimantuseriYhqE@gmail.com,Password12!,1730818472498179
cuicpclaimantuserLGtiC@gmail.com,Password12!,1730818458700861
cuicpclaimantuserHsRNd@gmail.com,Password12!,1730818459567889
cuicpclaimantuserTLEoU@gmail.com,Password12!,1730818536123912
cuicpclaimantusergzLuM@gmail.com,Password12!,1730818550092225
cuicpclaimantuserkNXco@gmail.com,Password12!,1730818555133867
cuicpclaimantuserXxwBI@gmail.com,Password12!,1730818603352451
cuicpclaimantuserIOBGf@gmail.com,Password12!,1730818635291818
cuicpclaimantuserXMqgQ@gmail.com,Password12!,1730818654589605
cuicpclaimantuserYodud@gmail.com,Password12!,1730818664999448
cuicpclaimantuserIAMvF@gmail.com,Password12!,1730818669419921
cuicpclaimantuserSvipT@gmail.com,Password12!,1730818709316509
cuicpclaimantuserHqMDG@gmail.com,Password12!,1730818728472036
cuicpclaimantuserCNeaV@gmail.com,Password12!,1730818730070638
cuicpclaimantuserdqXgq@gmail.com,Password12!,1730818753062686
cuicpclaimantuserRhMJc@gmail.com,Password12!,1730818780747788
cuicpclaimantuserfPMCl@gmail.com,Password12!,1730818824550255
cuicpclaimantuserPIDko@gmail.com,Password12!,1730818843171687
cuicpclaimantuserAaPHC@gmail.com,Password12!,1730818856526348
cuicpclaimantuserAZqxy@gmail.com,Password12!,1730818854727112
cuicpclaimantuserVZTVw@gmail.com,Password12!,1730818854887809
cuicpclaimantuserbWGAq@gmail.com,Password12!,1730818873359947
cuicpclaimantusertHhNu@gmail.com,Password12!,1730818871435988
cuicpclaimantusermxGNx@gmail.com,Password12!,1730818938467578
cuicpclaimantuserxbDgg@gmail.com,Password12!,1730818938958477
cuicpclaimantuserqNOFG@gmail.com,Password12!,1730818975074949
cuicpclaimantuserhiveJ@gmail.com,Password12!,1730818972010383
cuicpclaimantuserxbdIx@gmail.com,Password12!,1730818973977572
cuicpclaimantuserXkUJA@gmail.com,Password12!,1730819006357147
cuicpclaimantuserJpIkc@gmail.com,Password12!,1730819019663960
cuicpclaimantuserpObug@gmail.com,Password12!,1730819014282584
cuicpclaimantuserDgQyC@gmail.com,Password12!,1730819053712699
cuicpclaimantusernGNQk@gmail.com,Password12!,1730819083163699
cuicpclaimantuserwaodn@gmail.com,Password12!,1730819093455093
cuicpclaimantuserJVxVE@gmail.com,Password12!,1730819093986444
cuicpclaimantuserOzHXQ@gmail.com,Password12!,1730819106480807
cuicpclaimantuserAGllW@gmail.com,Password12!,1730819107790923
cuicpclaimantuservWDKw@gmail.com,Password12!,1730819136785159
cuicpclaimantuserrsLWz@gmail.com,Password12!,1730819155149311
cuicpclaimantuservhVmJ@gmail.com,Password12!,1730819173979186
cuicpclaimantuserhfZmN@gmail.com,Password12!,1730819176993333
cuicpclaimantusertblHL@gmail.com,Password12!,1730819183295789
cuicpclaimantuserQlJHa@gmail.com,Password12!,1730819189699141
cuicpclaimantuseroWPvO@gmail.com,Password12!,1730819208797272
cuicpclaimantuserveZAK@gmail.com,Password12!,1730819231377852
cuicpclaimantuserFombZ@gmail.com,Password12!,1730819242712741
cuicpclaimantuseriocTu@gmail.com,Password12!,1730819260217102
cuicpclaimantuserrurFq@gmail.com,Password12!,1730819271984641
cuicpclaimantuserWWWKQ@gmail.com,Password12!,1730819269644132
cuicpclaimantuserulehU@gmail.com,Password12!,1730819286654155
cuicpclaimantuseryAfQV@gmail.com,Password12!,1730819294197692
cuicpclaimantuserftzvH@gmail.com,Password12!,1730819309026894
cuicpclaimantuserDORbJ@gmail.com,Password12!,1730819324299294
cuicpclaimantuserlXmQW@gmail.com,Password12!,1730819337345993
cuicpclaimantuserVMjrP@gmail.com,Password12!,1730819336309453
cuicpclaimantuseralrBs@gmail.com,Password12!,1730819341562518
cuicpclaimantuseruqqLE@gmail.com,Password12!,1730819366848016
cuicpclaimantuserbGeLB@gmail.com,Password12!,1730819376408694
cuicpclaimantuserFydpp@gmail.com,Password12!,1730819379255100
cuicpclaimantuserylJJE@gmail.com,Password12!,1730819409230776
cuicpclaimantuserAowig@gmail.com,Password12!,1730819427463623
cuicpclaimantuseruBXIC@gmail.com,Password12!,1730819430410272
cuicpclaimantusertQzno@gmail.com,Password12!,1730819427978851
cuicpclaimantuseruDuVW@gmail.com,Password12!,1730819444596181
cuicpclaimantuserQllVd@gmail.com,Password12!,1730819454577055
cuicpclaimantuseridYpp@gmail.com,Password12!,1730819465876314
cuicpclaimantuserDQVMS@gmail.com,Password12!,1730819513931095
cuicpclaimantuserKwxSo@gmail.com,Password12!,1730819517669014
cuicpclaimantuserHEfCk@gmail.com,Password12!,1730819518016207
cuicpclaimantuserQRTVn@gmail.com,Password12!,1730819526850456
cuicpclaimantuserDnxCe@gmail.com,Password12!,1730819531662425
cuicpclaimantuserSiPpI@gmail.com,Password12!,1730819542782659
cuicpclaimantuserPxtLT@gmail.com,Password12!,1730819581879390
cuicpclaimantuserWwNiz@gmail.com,Password12!,1730819585896861
cuicpclaimantuserNWvqJ@gmail.com,Password12!,1730819588307593
cuicpclaimantuserQzJZU@gmail.com,Password12!,1730819611371772
cuicpclaimantusertWcnO@gmail.com,Password12!,1730819620913770
cuicpclaimantuserSUeGh@gmail.com,Password12!,1730819625549504
cuicpclaimantuserBkCOA@gmail.com,Password12!,1730819638834885
cuicpclaimantusertVdrs@gmail.com,Password12!,1730819640026744
cuicpclaimantuserSqXZG@gmail.com,Password12!,1730831476767119
cuicpclaimantuseroggdr@gmail.com,Password12!,1730831506764680
cuicpclaimantuserkYphO@gmail.com,Password12!,1730831511041397
cuicpclaimantuserFPFtK@gmail.com,Password12!,1730831541478585
cuicpclaimantusernegXK@gmail.com,Password12!,1730831562774177
cuicpclaimantuserMMmdk@gmail.com,Password12!,1730831569751178
cuicpclaimantuserLSZIe@gmail.com,Password12!,1730831568525078
cuicpclaimantuserOFbSP@gmail.com,Password12!,1730831630774316
cuicpclaimantuserEKFij@gmail.com,Password12!,1730831645883342
cuicpclaimantuserMYBVq@gmail.com,Password12!,1730831644374558
cuicpclaimantuserSlhUL@gmail.com,Password12!,1730831653872344
cuicpclaimantuserBFATc@gmail.com,Password12!,1730831671250366
cuicpclaimantuseracFNy@gmail.com,Password12!,1730831716827418
cuicpclaimantuserxffRY@gmail.com,Password12!,1730831713376054
cuicpclaimantusermDlLK@gmail.com,Password12!,1730831761161507
cuicpclaimantuserdfUup@gmail.com,Password12!,1730831773282028
cuicpclaimantuserXgqsz@gmail.com,Password12!,1730831784210034
cuicpclaimantusergTujJ@gmail.com,Password12!,1730831797005181
cuicpclaimantuserDSWtA@gmail.com,Password12!,1730831811519159
cuicpclaimantuservEvPN@gmail.com,Password12!,1730831841760161
cuicpclaimantuserqVqjJ@gmail.com,Password12!,1730831841868618
cuicpclaimantuserAQlPd@gmail.com,Password12!,1730831881441409
cuicpclaimantusernHIlZ@gmail.com,Password12!,1730831888811109
cuicpclaimantuserOETfd@gmail.com,Password12!,1730831889916584
cuicpclaimantuseryabPi@gmail.com,Password12!,1730831891596853
cuicpclaimantuseraWOkn@gmail.com,Password12!,1730831936038531
cuicpclaimantuserxGgBy@gmail.com,Password12!,1730831935039100
cuicpclaimantuserhVETf@gmail.com,Password12!,1730831940550166
cuicpclaimantuserIsBhU@gmail.com,Password12!,1730831967987788
cuicpclaimantusertUdIZ@gmail.com,Password12!,1730831970962604
cuicpclaimantuserfcuKG@gmail.com,Password12!,1730832009619447
cuicpclaimantuservGvYZ@gmail.com,Password12!,1730832016513211
cuicpclaimantuserpUfic@gmail.com,Password12!,1730832022882030
cuicpclaimantuseroKelQ@gmail.com,Password12!,1730832048388293
cuicpclaimantuserdzVXv@gmail.com,Password12!,1730832058361313
cuicpclaimantuserSrWfc@gmail.com,Password12!,1730832075763418
cuicpclaimantuserxgNQR@gmail.com,Password12!,1730832076232215
cuicpclaimantuserZAwzX@gmail.com,Password12!,1730832095540960
cuicpclaimantuseryIljc@gmail.com,Password12!,1730832131458391
cuicpclaimantuserolXjX@gmail.com,Password12!,1730832156438120
cuicpclaimantuserPmcwN@gmail.com,Password12!,1730832157975674
cuicpclaimantuserezryV@gmail.com,Password12!,1730832179929196
cuicpclaimantuserFoWqI@gmail.com,Password12!,1730832183862607
cuicpclaimantuserLNner@gmail.com,Password12!,1730832194310745
cuicpclaimantuserBLfOH@gmail.com,Password12!,1730832222585599
cuicpclaimantuseronFtO@gmail.com,Password12!,1730832236853728
cuicpclaimantusermTubT@gmail.com,Password12!,1730832246955950
cuicpclaimantusereCGuB@gmail.com,Password12!,1730832276010809
cuicpclaimantuserlToNJ@gmail.com,Password12!,1730832276942134
cuicpclaimantusersRngY@gmail.com,Password12!,1730832301685922
cuicpclaimantuserIOaqY@gmail.com,Password12!,1730832330675134
cuicpclaimantuserellVY@gmail.com,Password12!,1730832336704540
cuicpclaimantusergXyAo@gmail.com,Password12!,1730832339473598
cuicpclaimantuserVSVXl@gmail.com,Password12!,1730832348484594
cuicpclaimantuserylGsp@gmail.com,Password12!,1730832380668302
cuicpclaimantuserOOkGF@gmail.com,Password12!,1730832388029713
cuicpclaimantuserCsEYA@gmail.com,Password12!,1730832414706292
cuicpclaimantuseridKoM@gmail.com,Password12!,1730832440864297
cuicpclaimantuserPJUhc@gmail.com,Password12!,1730832445196406
cuicpclaimantuserCfuMk@gmail.com,Password12!,1730832474886018
cuicpclaimantuserTQxoE@gmail.com,Password12!,1730832474697100
cuicpclaimantuserPoEJR@gmail.com,Password12!,1730832483951316
cuicpclaimantuserrdRtQ@gmail.com,Password12!,1730832504694366
cuicpclaimantusercRLMA@gmail.com,Password12!,1730832517946175
cuicpclaimantuserDtBIi@gmail.com,Password12!,1730832528677488
cuicpclaimantuserAxzWD@gmail.com,Password12!,1730832563351163
cuicpclaimantuserGlnqm@gmail.com,Password12!,1730832569005078
cuicpclaimantusercVYpp@gmail.com,Password12!,1730832602418494
cuicpclaimantuserkadir@gmail.com,Password12!,1730832612507591
cuicpclaimantuserFNili@gmail.com,Password12!,1730832619150221
cuicpclaimantuserwYckp@gmail.com,Password12!,1730832649855195
cuicpclaimantuserXLkvG@gmail.com,Password12!,1730832654402610
cuicpclaimantusertaAhN@gmail.com,Password12!,1730832668519201
cuicpclaimantuserjGphK@gmail.com,Password12!,1730832701845787
cuicpclaimantusernwvfG@gmail.com,Password12!,1730832699633294
cuicpclaimantuserVXWPI@gmail.com,Password12!,1730832733089511
cuicpclaimantuserFtTxc@gmail.com,Password12!,1730832755724888
cuicpclaimantuserglMjv@gmail.com,Password12!,1730832754238369
cuicpclaimantuserZmTJd@gmail.com,Password12!,1730832774338769
cuicpclaimantuserRtfyV@gmail.com,Password12!,1730832793192957
cuicpclaimantuserERgrM@gmail.com,Password12!,1730832802069675
cuicpclaimantusersaDaG@gmail.com,Password12!,1730832816616263
cuicpclaimantuserJxmtr@gmail.com,Password12!,1730832857560859
cuicpclaimantuserxRlfH@gmail.com,Password12!,1730832861263557
cuicpclaimantuserTIEhQ@gmail.com,Password12!,1730832883543341
cuicpclaimantuserFQnDp@gmail.com,Password12!,1730832893596214
cuicpclaimantusersPfyX@gmail.com,Password12!,1730832910394494
cuicpclaimantuseriaHxM@gmail.com,Password12!,1730832943207309
cuicpclaimantusertXqHS@gmail.com,Password12!,1730832950553256
cuicpclaimantusersBrHp@gmail.com,Password12!,1730832964306014
cuicpclaimantuserKGSvo@gmail.com,Password12!,1730832965703045
cuicpclaimantuservcAho@gmail.com,Password12!,1730832998548789
cuicpclaimantuserShnpZ@gmail.com,Password12!,1730833005728430
cuicpclaimantuserCfMAo@gmail.com,Password12!,1730833017658013
cuicpclaimantuserwWpGa@gmail.com,Password12!,1730833045003950
cuicpclaimantuserJVhCI@gmail.com,Password12!,1730833060434684
cuicpclaimantuserWAmTC@gmail.com,Password12!,1730833064494239
cuicpclaimantuserQTlBA@gmail.com,Password12!,1730833075993021
cuicpclaimantuserLMZvp@gmail.com,Password12!,1730833098182925
cuicpclaimantuserUwWQj@gmail.com,Password12!,1730833114175259
cuicpclaimantuservaQUq@gmail.com,Password12!,1730833128444949
cuicpclaimantuserEemPm@gmail.com,Password12!,1730833144686788
cuicpclaimantuserOCqRm@gmail.com,Password12!,1730833157608299
cuicpclaimantuserZOsgL@gmail.com,Password12!,1730833162747439
cuicpclaimantuseroScoC@gmail.com,Password12!,1730833197158354
cuicpclaimantuserURzGu@gmail.com,Password12!,1730833205264046
cuicpclaimantuserGFZiu@gmail.com,Password12!,1730833244937636
cuicpclaimantuserJXhgb@gmail.com,Password12!,1730833240817279
cuicpclaimantuserBiAUS@gmail.com,Password12!,1730833250202834
cuicpclaimantuserJEWcZ@gmail.com,Password12!,1730833286876536
cuicpclaimantuserdVJRY@gmail.com,Password12!,1730833294766984
cuicpclaimantuserffyXl@gmail.com,Password12!,1730833331140524
cuicpclaimantuserpTFgJ@gmail.com,Password12!,1730833353171845
cuicpclaimantuserKjNvE@gmail.com,Password12!,1730833363339168
cuicpclaimantuserRWXvR@gmail.com,Password12!,1730833375044921
cuicpclaimantuserCCSmI@gmail.com,Password12!,1730833385513741
cuicpclaimantusereSxYP@gmail.com,Password12!,1730833405417774
cuicpclaimantuserpkhSn@gmail.com,Password12!,1730833425318861
cuicpclaimantuserlkyCo@gmail.com,Password12!,1730833440386224
cuicpclaimantusereOuUc@gmail.com,Password12!,1730833471454966
cuicpclaimantuserpYVFa@gmail.com,Password12!,1730833477824337
cuicpclaimantuserqAigh@gmail.com,Password12!,1730833504737122
cuicpclaimantuserHuBMR@gmail.com,Password12!,1730833509170709
cuicpclaimantusercxrLs@gmail.com,Password12!,1730833516824561
cuicpclaimantuserwUAMt@gmail.com,Password12!,1730833540240867
cuicpclaimantuserMyFZD@gmail.com,Password12!,1730833550856024
cuicpclaimantuseruTcQX@gmail.com,Password12!,1730833592780794
cuicpclaimantuserJuLLy@gmail.com,Password12!,1730833596663012
cuicpclaimantuseraVlxG@gmail.com,Password12!,1730833611591743
cuicpclaimantusercNMnn@gmail.com,Password12!,1730833632429857
cuicpclaimantuserqwqEv@gmail.com,Password12!,1730833638246297
cuicpclaimantusergQWiM@gmail.com,Password12!,1730833647628576
cuicpclaimantuserZDZPZ@gmail.com,Password12!,1730833674387278
cuicpclaimantuserlMSvK@gmail.com,Password12!,1730833680697264
cuicpclaimantuserWqDcn@gmail.com,Password12!,1730833709466626
cuicpclaimantuserzpyQu@gmail.com,Password12!,1730833754680808
cuicpclaimantuseryABzx@gmail.com,Password12!,1730833772081039
cuicpclaimantuserGjWBF@gmail.com,Password12!,1730833772592936
cuicpclaimantuserfZEqk@gmail.com,Password12!,1730833779016194
cuicpclaimantusereCNqu@gmail.com,Password12!,1730833782348931
cuicpclaimantuserMVNUl@gmail.com,Password12!,1730833815936124
cuicpclaimantuserasjDO@gmail.com,Password12!,1730833825974701
cuicpclaimantusererxKC@gmail.com,Password12!,1730833825196198
cuicpclaimantusertgnKl@gmail.com,Password12!,1730833844872803
cuicpclaimantuserTMtLf@gmail.com,Password12!,1730833886826709
cuicpclaimantuserStDot@gmail.com,Password12!,1730833886775740
cuicpclaimantuserkQXFC@gmail.com,Password12!,1730833914291827
cuicpclaimantuserGyEqe@gmail.com,Password12!,1730833916285884
cuicpclaimantuserGceCX@gmail.com,Password12!,1730833959406082
cuicpclaimantuserQBZBh@gmail.com,Password12!,1730833965610362
cuicpclaimantuserLNLMo@gmail.com,Password12!,1730833991782607
cuicpclaimantuserrNUAS@gmail.com,Password12!,1730833993943421
cuicpclaimantuseraCbzN@gmail.com,Password12!,1730833996276159
cuicpclaimantuserEiezo@gmail.com,Password12!,1730834018761681
cuicpclaimantuserOiecP@gmail.com,Password12!,1730834021673428
cuicpclaimantuserKLMBW@gmail.com,Password12!,1730834055420415
cuicpclaimantusersHxBt@gmail.com,Password12!,1730834071627142
cuicpclaimantuserXkVVw@gmail.com,Password12!,1730834081133677
cuicpclaimantuseroedJj@gmail.com,Password12!,1730834099165687
cuicpclaimantuserRnTqB@gmail.com,Password12!,1730834093302864
cuicpclaimantuserjCtPO@gmail.com,Password12!,1730834108798452
cuicpclaimantuserjpAwS@gmail.com,Password12!,1730834142209136
cuicpclaimantusermhkZy@gmail.com,Password12!,1730834165383776
cuicpclaimantuseruDFhg@gmail.com,Password12!,1730834187202491
cuicpclaimantuserBaTKF@gmail.com,Password12!,1730834202061849
cuicpclaimantuserwZccp@gmail.com,Password12!,1730834233279741
cuicpclaimantuserzLZwn@gmail.com,Password12!,1730834263571322
cuicpclaimantusernlOhp@gmail.com,Password12!,1730834258191664
cuicpclaimantuserPulCo@gmail.com,Password12!,1730834280125508
cuicpclaimantuserkJNeI@gmail.com,Password12!,1730834305612282
cuicpclaimantusersYQdc@gmail.com,Password12!,1730834315008323
cuicpclaimantuserxFIqm@gmail.com,Password12!,1730834331556834
cuicpclaimantuserSUeYv@gmail.com,Password12!,1730834350549496
cuicpclaimantuserzrynP@gmail.com,Password12!,1730834348464758
cuicpclaimantuserNagru@gmail.com,Password12!,1730834380914462
cuicpclaimantuserzuDIE@gmail.com,Password12!,1730834395531996
cuicpclaimantuserSDgEh@gmail.com,Password12!,1730834429202424
cuicpclaimantuserkaZPW@gmail.com,Password12!,1730834442151020
cuicpclaimantuserGKzZk@gmail.com,Password12!,1730834464418083
cuicpclaimantuserVWJUa@gmail.com,Password12!,1730834474750442
cuicpclaimantuserCEFtY@gmail.com,Password12!,1730834492009987
cuicpclaimantuserzHmho@gmail.com,Password12!,1730834495455336
cuicpclaimantuserdLEEB@gmail.com,Password12!,1730834533131923
cuicpclaimantuserBChHG@gmail.com,Password12!,1730834560570431
cuicpclaimantuserahtdV@gmail.com,Password12!,1730834566042989
cuicpclaimantuserUqxES@gmail.com,Password12!,1730834574904618
cuicpclaimantusersakwo@gmail.com,Password12!,1730834579536118
cuicpclaimantuserSDIWa@gmail.com,Password12!,1730834620845872
cuicpclaimantuseruKGMk@gmail.com,Password12!,1730834622318167
cuicpclaimantuserrBhkJ@gmail.com,Password12!,1730834656304471
cuicpclaimantuserYznpI@gmail.com,Password12!,1730834682975344
cuicpclaimantusersiUvw@gmail.com,Password12!,1730834697434659
cuicpclaimantuserpzNge@gmail.com,Password12!,1730834704980918
cuicpclaimantuserWzHON@gmail.com,Password12!,1730834732707523
cuicpclaimantuserodIxq@gmail.com,Password12!,1730834737792900
cuicpclaimantuserLqlag@gmail.com,Password12!,1730834766923087
cuicpclaimantuserOXtno@gmail.com,Password12!,1730834769647972
cuicpclaimantuserughiz@gmail.com,Password12!,1730834777188852
cuicpclaimantuserZxlZo@gmail.com,Password12!,1730834797153407
cuicpclaimantuserpGVdc@gmail.com,Password12!,1730834828638194
cuicpclaimantuserLCaGy@gmail.com,Password12!,1730834830329196
cuicpclaimantuserjtQeA@gmail.com,Password12!,1730834868340693
cuicpclaimantuserzPSqk@gmail.com,Password12!,1730834888887707
cuicpclaimantuserAVRai@gmail.com,Password12!,1730834891948041
cuicpclaimantusersLvTr@gmail.com,Password12!,1730834912552871
cuicpclaimantuserqjxtz@gmail.com,Password12!,1730834914294936
cuicpclaimantuseryAUmB@gmail.com,Password12!,1730834919722980
cuicpclaimantuserxFYlS@gmail.com,Password12!,1730834959419612
cuicpclaimantuserhRKbe@gmail.com,Password12!,1730834968221868
cuicpclaimantuserDRJHR@gmail.com,Password12!,1730834970124936
cuicpclaimantuserCvFkb@gmail.com,Password12!,1730834970755580
cuicpclaimantuserUNqGQ@gmail.com,Password12!,1730835000927057
cuicpclaimantuserhsQNw@gmail.com,Password12!,1730835010697419
cuicpclaimantuserGOzsq@gmail.com,Password12!,1730835037012402
cuicpclaimantuserUmvKe@gmail.com,Password12!,1730835045463423
cuicpclaimantuserhHeXY@gmail.com,Password12!,1730835057832762

