cuiimtclaimantuservhsiQ@gmail.com,1744813990820784,Password12!
cuiimtclaimantuserPUkyo@gmail.com,1744813996397852,Password12!
cuiimtclaimantuserNvQbo@gmail.com,1744814002744434,Password12!
cuiimtclaimantusereKmPu@gmail.com,1744814008536990,Password12!
cuiimtclaimantuserUJqrN@gmail.com,1744814014043346,Password12!
cuiimtclaimantuseriTDWq@gmail.com,1744814421636807,Password12!
cuiimtclaimantuserzvaZI@gmail.com,1744814424217399,Password12!
cuiimtclaimantuserNMbhq@gmail.com,1744814427262533,Password12!
cuiimtclaimantuserHWVEL@gmail.com,1744814430586498,Password12!
cuiimtclaimantuseriTDWq@gmail.com,1744814431098352,Password12!
cuiimtclaimantuseriELgX@gmail.com,1744814433676478,Password12!
cuiimtclaimantuserzvaZI@gmail.com,1744814435310035,Password12!
cuiimtclaimantuserasHTS@gmail.com,1744814436113677,Password12!
cuiimtclaimantuserNMbhq@gmail.com,1744814437178364,Password12!
cuiimtclaimantuserVafpz@gmail.com,1744814439389753,Password12!
cuiimtclaimantuseriTDWq@gmail.com,1744814441303800,Password12!
cuiimtclaimantuserHWVEL@gmail.com,1744814440107434,Password12!
cuiimtclaimantuseriELgX@gmail.com,1744814442982909,Password12!
cuiimtclaimantuserdPuNl@gmail.com,1744814442494715,Password12!
cuiimtclaimantuserzvaZI@gmail.com,1744814445730545,Password12!
cuiimtclaimantuserasHTS@gmail.com,1744814445872073,Password12!
cuiimtclaimantuserYMkRV@gmail.com,1744814445436796,Password12!
cuiimtclaimantuserNMbhq@gmail.com,1744814447342703,Password12!
cuiimtclaimantuserxwbTU@gmail.com,1744814448504475,Password12!
cuiimtclaimantuserVafpz@gmail.com,1744814448525496,Password12!
cuiimtclaimantuserHWVEL@gmail.com,1744814451263928,Password12!
cuiimtclaimantuseriTDWq@gmail.com,1744814450148013,Password12!
cuiimtclaimantuseriELgX@gmail.com,1744814451792181,Password12!
cuiimtclaimantuserdPuNl@gmail.com,1744814452682225,Password12!
cuiimtclaimantuserasHTS@gmail.com,1744814455141351,Password12!
cuiimtclaimantuserYMkRV@gmail.com,1744814455486400,Password12!
cuiimtclaimantuserzvaZI@gmail.com,1744814455147168,Password12!
cuiimtclaimantuserNMbhq@gmail.com,1744814457299330,Password12!
cuiimtclaimantuserxwbTU@gmail.com,1744814458185967,Password12!
cuiimtclaimantuserVafpz@gmail.com,1744814459013614,Password12!
cuiimtclaimantuseriTDWq@gmail.com,1744814460468518,Password12!
cuiimtclaimantuserHWVEL@gmail.com,1744814460488821,Password12!
cuiimtclaimantuseriELgX@gmail.com,1744814461891718,Password12!
cuiimtclaimantuserdPuNl@gmail.com,1744814462653240,Password12!
cuiimtclaimantuserasHTS@gmail.com,1744814464083479,Password12!
cuiimtclaimantuserzvaZI@gmail.com,1744814465244351,Password12!
cuiimtclaimantuserYMkRV@gmail.com,1744814465118027,Password12!
cuiimtclaimantuserxwbTU@gmail.com,1744814467363803,Password12!
cuiimtclaimantuserNMbhq@gmail.com,1744814467391713,Password12!
cuiimtclaimantuserVafpz@gmail.com,1744814469524113,Password12!
cuiimtclaimantuseriTDWq@gmail.com,1744814469688363,Password12!
cuiimtclaimantuserHWVEL@gmail.com,1744814470835003,Password12!
cuiimtclaimantuserasHTS@gmail.com,1744814473386665,Password12!
cuiimtclaimantuserdPuNl@gmail.com,1744814472942732,Password12!
cuiimtclaimantuseriELgX@gmail.com,1744814471968001,Password12!
cuiimtclaimantuserzvaZI@gmail.com,1744814473726993,Password12!
cuiimtclaimantuserxwbTU@gmail.com,1744814476150704,Password12!
cuiimtclaimantuserYMkRV@gmail.com,1744814475676139,Password12!
cuiimtclaimantuseriTDWq@gmail.com,1744814478344966,Password12!
cuiimtclaimantuserNMbhq@gmail.com,1744814477918885,Password12!
cuiimtclaimantuserVafpz@gmail.com,1744814478214060,Password12!
cuiimtclaimantuserHWVEL@gmail.com,1744814480272064,Password12!
cuiimtclaimantuseriELgX@gmail.com,1744814482721811,Password12!
cuiimtclaimantuserdPuNl@gmail.com,1744814482331256,Password12!
cuiimtclaimantuserzvaZI@gmail.com,1744814482810382,Password12!
cuiimtclaimantuserasHTS@gmail.com,1744814482276634,Password12!
cuiimtclaimantuserxwbTU@gmail.com,1744814485238920,Password12!
cuiimtclaimantuserYMkRV@gmail.com,1744814485389251,Password12!
cuiimtclaimantuseriTDWq@gmail.com,1744814487412366,Password12!
cuiimtclaimantuserNMbhq@gmail.com,1744814487671243,Password12!
cuiimtclaimantuserVafpz@gmail.com,1744814487659263,Password12!
cuiimtclaimantuserHWVEL@gmail.com,1744814489952203,Password12!
cuiimtclaimantuseriELgX@gmail.com,1744814491413608,Password12!
cuiimtclaimantuserzvaZI@gmail.com,1744814492251296,Password12!
cuiimtclaimantuserdPuNl@gmail.com,1744814492077279,Password12!
cuiimtclaimantuserasHTS@gmail.com,1744814492344299,Password12!
cuiimtclaimantuserxwbTU@gmail.com,1744814494219358,Password12!
cuiimtclaimantuseriTDWq@gmail.com,1744814496019988,Password12!
cuiimtclaimantuserYMkRV@gmail.com,1744814495660915,Password12!
cuiimtclaimantuserNMbhq@gmail.com,1744814496887418,Password12!
cuiimtclaimantuserVafpz@gmail.com,1744814497057565,Password12!
cuiimtclaimantuserHWVEL@gmail.com,1744814498528952,Password12!
cuiimtclaimantuseriELgX@gmail.com,1744814500970606,Password12!
cuiimtclaimantuserzvaZI@gmail.com,1744814501905585,Password12!
cuiimtclaimantuserdPuNl@gmail.com,1744814501905940,Password12!
cuiimtclaimantuserasHTS@gmail.com,1744814502738076,Password12!
cuiimtclaimantuserxwbTU@gmail.com,1744814504689947,Password12!
cuiimtclaimantuserYMkRV@gmail.com,1744814505784192,Password12!
cuiimtclaimantuseriTDWq@gmail.com,1744814504851232,Password12!
cuiimtclaimantuserNMbhq@gmail.com,1744814506967259,Password12!
cuiimtclaimantuserVafpz@gmail.com,1744814507151366,Password12!
cuiimtclaimantuserHWVEL@gmail.com,1744814508533935,Password12!
cuiimtclaimantuseriELgX@gmail.com,1744814510531638,Password12!
cuiimtclaimantuserdPuNl@gmail.com,1744814512055099,Password12!
cuiimtclaimantuserzvaZI@gmail.com,1744814510864856,Password12!
cuiimtclaimantuserasHTS@gmail.com,1744814513170483,Password12!
cuiimtclaimantuseriTDWq@gmail.com,1744814515547142,Password12!
cuiimtclaimantuserNMbhq@gmail.com,1744814515561432,Password12!
cuiimtclaimantuserxwbTU@gmail.com,1744814514621849,Password12!
cuiimtclaimantuserYMkRV@gmail.com,1744814514658569,Password12!
cuiimtclaimantuserVafpz@gmail.com,1744814516314369,Password12!
cuiimtclaimantuserHWVEL@gmail.com,1744814517406669,Password12!
cuiimtclaimantuseriELgX@gmail.com,1744814519440690,Password12!
cuiimtclaimantuserdPuNl@gmail.com,1744814520752463,Password12!
cuiimtclaimantuserzvaZI@gmail.com,1744814520978548,Password12!
cuiimtclaimantuserasHTS@gmail.com,1744814522817348,Password12!
cuiimtclaimantuserNMbhq@gmail.com,1744814524461608,Password12!
cuiimtclaimantuseriTDWq@gmail.com,1744814524123257,Password12!
cuiimtclaimantuserxwbTU@gmail.com,1744814524494302,Password12!
cuiimtclaimantuserVafpz@gmail.com,1744814525451467,Password12!
cuiimtclaimantuserYMkRV@gmail.com,1744814525105295,Password12!
cuiimtclaimantuserHWVEL@gmail.com,1744814527746906,Password12!
cuiimtclaimantuseriELgX@gmail.com,1744814529805890,Password12!
cuiimtclaimantuserdPuNl@gmail.com,1744814529973706,Password12!
cuiimtclaimantuserzvaZI@gmail.com,1744814530827818,Password12!
cuiimtclaimantuserNMbhq@gmail.com,1744814533219716,Password12!
cuiimtclaimantuserasHTS@gmail.com,1744814532902098,Password12!
cuiimtclaimantuserxwbTU@gmail.com,1744814533950278,Password12!
cuiimtclaimantuseriTDWq@gmail.com,1744814533598218,Password12!
cuiimtclaimantuserVafpz@gmail.com,1744814534422442,Password12!
cuiimtclaimantuserYMkRV@gmail.com,1744814535262151,Password12!
cuiimtclaimantuserHWVEL@gmail.com,1744814537454061,Password12!
cuiimtclaimantuseriELgX@gmail.com,1744814538725048,Password12!
cuiimtclaimantuserdPuNl@gmail.com,1744814539522600,Password12!
cuiimtclaimantuserasHTS@gmail.com,1744814541843424,Password12!
cuiimtclaimantuserNMbhq@gmail.com,1744814541848688,Password12!
cuiimtclaimantuserzvaZI@gmail.com,1744814540879882,Password12!
cuiimtclaimantuserxwbTU@gmail.com,1744814542646867,Password12!
cuiimtclaimantuserVafpz@gmail.com,1744814544147708,Password12!
cuiimtclaimantuseriTDWq@gmail.com,1744814543965969,Password12!
cuiimtclaimantuserYMkRV@gmail.com,1744814545624408,Password12!
cuiimtclaimantuserHWVEL@gmail.com,1744814545882691,Password12!
cuiimtclaimantuseriELgX@gmail.com,1744814547785223,Password12!
cuiimtclaimantuserdPuNl@gmail.com,1744814548882755,Password12!
cuiimtclaimantuserzvaZI@gmail.com,1744814551216461,Password12!
cuiimtclaimantuserasHTS@gmail.com,1744814550361383,Password12!
cuiimtclaimantuserNMbhq@gmail.com,1744814550646783,Password12!
cuiimtclaimantuserxwbTU@gmail.com,1744814551733200,Password12!
cuiimtclaimantuseriTDWq@gmail.com,1744814553747356,Password12!
cuiimtclaimantuserVafpz@gmail.com,1744814553635981,Password12!
cuiimtclaimantuserYMkRV@gmail.com,1744814554030067,Password12!
cuiimtclaimantuserHWVEL@gmail.com,1744814555688848,Password12!
cuiimtclaimantuseriELgX@gmail.com,1744814557050237,Password12!
cuiimtclaimantuserdPuNl@gmail.com,1744814557202069,Password12!
cuiimtclaimantuserasHTS@gmail.com,1744814560768171,Password12!
cuiimtclaimantuserNMbhq@gmail.com,1744814560742549,Password12!
cuiimtclaimantuserzvaZI@gmail.com,1744814560060108,Password12!
cuiimtclaimantuserYMkRV@gmail.com,1744814563747933,Password12!
cuiimtclaimantuserxwbTU@gmail.com,1744814562290836,Password12!
cuiimtclaimantuseriTDWq@gmail.com,1744814562770126,Password12!
cuiimtclaimantuserVafpz@gmail.com,1744814562976616,Password12!
cuiimtclaimantuserHWVEL@gmail.com,1744814565834309,Password12!
cuiimtclaimantuserdPuNl@gmail.com,1744814567893303,Password12!
cuiimtclaimantuseriELgX@gmail.com,1744814566830504,Password12!
cuiimtclaimantuserNMbhq@gmail.com,1744814570216567,Password12!
cuiimtclaimantuserasHTS@gmail.com,1744814569659967,Password12!
cuiimtclaimantuserzvaZI@gmail.com,1744814570433485,Password12!
cuiimtclaimantuserYMkRV@gmail.com,1744814572281338,Password12!
cuiimtclaimantuseriTDWq@gmail.com,1744814573080283,Password12!
cuiimtclaimantuserxwbTU@gmail.com,1744814572765975,Password12!
cuiimtclaimantuserVafpz@gmail.com,1744814573197616,Password12!
cuiimtclaimantuserHWVEL@gmail.com,1744814576013687,Password12!
cuiimtclaimantuseriELgX@gmail.com,1744814576827557,Password12!
cuiimtclaimantuserdPuNl@gmail.com,1744814576382165,Password12!
cuiimtclaimantuserNMbhq@gmail.com,1744814578909338,Password12!
cuiimtclaimantuserasHTS@gmail.com,1744814579701429,Password12!
cuiimtclaimantuserzvaZI@gmail.com,1744814579902746,Password12!
cuiimtclaimantuserYMkRV@gmail.com,1744814582143114,Password12!
cuiimtclaimantuserVafpz@gmail.com,1744814583649234,Password12!
cuiimtclaimantuseriTDWq@gmail.com,1744814582896216,Password12!
cuiimtclaimantuserxwbTU@gmail.com,1744814583116259,Password12!
cuiimtclaimantuseriELgX@gmail.com,1744814585458337,Password12!
cuiimtclaimantuserdPuNl@gmail.com,1744814585979092,Password12!
cuiimtclaimantuserHWVEL@gmail.com,1744814585201562,Password12!
cuiimtclaimantuserNMbhq@gmail.com,1744814588625718,Password12!
cuiimtclaimantuserasHTS@gmail.com,1744814589570384,Password12!
cuiimtclaimantuserzvaZI@gmail.com,1744814590286780,Password12!
cuiimtclaimantuserVafpz@gmail.com,1744814592301223,Password12!
cuiimtclaimantuserYMkRV@gmail.com,1744814591956001,Password12!
cuiimtclaimantuserxwbTU@gmail.com,1744814593474060,Password12!
cuiimtclaimantuseriELgX@gmail.com,1744814594096938,Password12!
cuiimtclaimantuseriTDWq@gmail.com,1744814592910296,Password12!
cuiimtclaimantuserdPuNl@gmail.com,1744814595361190,Password12!
cuiimtclaimantuserHWVEL@gmail.com,1744814595630784,Password12!
cuiimtclaimantuserNMbhq@gmail.com,1744814598243742,Password12!
cuiimtclaimantuserasHTS@gmail.com,1744814599676312,Password12!
cuiimtclaimantuserzvaZI@gmail.com,1744814600130150,Password12!
cuiimtclaimantuserVafpz@gmail.com,1744814601458238,Password12!
cuiimtclaimantuserxwbTU@gmail.com,1744814602425178,Password12!
cuiimtclaimantuserYMkRV@gmail.com,1744814601754461,Password12!
cuiimtclaimantuseriTDWq@gmail.com,1744814602906144,Password12!
cuiimtclaimantuseriELgX@gmail.com,1744814602913421,Password12!
cuiimtclaimantuserdPuNl@gmail.com,1744814604533540,Password12!
cuiimtclaimantuserHWVEL@gmail.com,1744814605810749,Password12!
cuiimtclaimantuserNMbhq@gmail.com,1744814607407064,Password12!
cuiimtclaimantuserasHTS@gmail.com,1744814608584259,Password12!
cuiimtclaimantuserzvaZI@gmail.com,1744814609617124,Password12!
cuiimtclaimantuserxwbTU@gmail.com,1744814611616700,Password12!
cuiimtclaimantuserYMkRV@gmail.com,1744814611988034,Password12!
cuiimtclaimantuserVafpz@gmail.com,1744814610728654,Password12!
cuiimtclaimantuseriELgX@gmail.com,1744814612832520,Password12!
cuiimtclaimantuserdPuNl@gmail.com,1744814614703901,Password12!
cuiimtclaimantuserHWVEL@gmail.com,1744814615429126,Password12!
cuiimtclaimantuserasHTS@gmail.com,1744814618584067,Password12!
cuiimtclaimantuserxwbTU@gmail.com,1744814620355357,Password12!
cuiimtclaimantuserYMkRV@gmail.com,1744814620978125,Password12!
cuiimtclaimantuserVafpz@gmail.com,1744814621356594,Password12!
cuiimtclaimantuserdPuNl@gmail.com,1744814624156090,Password12!
cuiimtclaimantuserxwbTU@gmail.com,1744814628801410,Password12!
cuiimtclaimantuserYMkRV@gmail.com,1744814630934589,Password12!
