cuiimtclaimantuserQfXub@gmail.com,cuiimtdefuserNtaoz@gmail.com,Password12!,1733305290532428
cuiimtclaimantuserMZVTe@gmail.com,cuiimtdefuserFzvvA@gmail.com,Password12!,1733306162711942
cuiimtclaimantuserTXsEG@gmail.com,cuiimtdefuserGiivH@gmail.com,Password12!,1733307530571414
cuiimtclaimantuserhGEJo@gmail.com,cuiimtdefuserEzyiU@gmail.com,Password12!,1733311506852204
cuiimtclaimantuserEtQcy@gmail.com,cuiimtdefuserZCABu@gmail.com,Password12!,1733312212150941
cuiimtclaimantuserbjMtF@gmail.com,cuiimtdefuseroBZtd@gmail.com,Password12!,1733312882458426
cuiimtclaimantuserXDKmW@gmail.com,cuiimtdefuserunzVE@gmail.com,Password12!,1733323050753688
cuiimtclaimantuserhJZNb@gmail.com,cuiimtdefuserlkSmq@gmail.com,Password12!,1733324055389684
cuiimtclaimantuserDMLYE@gmail.com,cuiimtdefuserhcqeB@gmail.com,Password12!,1733332337336118
cuiimtclaimantuserNvbRI@gmail.com,cuiimtdefuserNJXNR@gmail.com,Password12!,1733333005277972
cuiimtclaimantusergnXWy@gmail.com,cuiimtdefuserIjArv@gmail.com,Password12!,1733333549735535
cuiimtclaimantuserCYYWG@gmail.com,cuiimtdefuserDGfTJ@gmail.com,Password12!,1733334318028193
cuiimtclaimantuserRbnNM@gmail.com,cuiimtdefuseromrmR@gmail.com,Password12!,1733390660384147
cuiimtclaimantuserNErfN@gmail.com,cuiimtdefusersqPnO@gmail.com,Password12!,1733395681754962
cuiimtclaimantuseroOtpK@gmail.com,cuiimtdefusermedzJ@gmail.com,Password12!,1733396711654180
cuiimtclaimantuserjWJjQ@gmail.com,cuiimtdefuserEokqL@gmail.com,Password12!,1733397564848358
cuiimtclaimantuserFjjsv@gmail.com,cuiimtdefuserzvSJV@gmail.com,Password12!,1733398450832639
cuiimtclaimantuserudZCJ@gmail.com,cuiimtdefusermnBVg@gmail.com,Password12!,1733399568142184
cuiimtclaimantuserNqbif@gmail.com,cuiimtdefuserScMDc@gmail.com,Password12!,1733401007226642
cuiimtclaimantuserDQtjf@gmail.com,cuiimtdefuserxjCmy@gmail.com,Password12!,1733402338444193
cuiimtclaimantuserXcLMJ@gmail.com,cuiimtdefuserWgxDm@gmail.com,Password12!,1733406448097080
cuiimtclaimantuserMotBa@gmail.com,cuiimtdefuserKWifN@gmail.com,Password12!,1733408640540768
cuiimtclaimantuseriyraZ@gmail.com,cuiimtdefuserfptHI@gmail.com,Password12!,1733409482623266
cuiimtclaimantuserqZaNd@gmail.com,cuiimtdefuserYGeeg@gmail.com,Password12!,1733410298947774
cuiimtclaimantuserPYJfr@gmail.com,cuiimtdefusersQQds@gmail.com,Password12!,1733410487220389
cuiimtclaimantuserMJCRS@gmail.com,cuiimtdefuserWtdtJ@gmail.com,Password12!,1733410706991430
cuiimtclaimantuserQQwep@gmail.com,cuiimtdefuserLveDp@gmail.com,Password12!,1733412071167547
cuiimtclaimantusercJxCS@gmail.com,cuiimtdefuserypdsj@gmail.com,Password12!,1733413171241422
cuiimtclaimantuserqTnsW@gmail.com,cuiimtdefuserjtLTI@gmail.com,Password12!,1733414000961859
cuiimtclaimantuserYtzQA@gmail.com,cuiimtdefuserfDPcF@gmail.com,Password12!,1733414465038524
cuiimtclaimantuseryLYIm@gmail.com,cuiimtdefuserZiFGl@gmail.com,Password12!,1733476351727759
cuiimtclaimantuserhrCjL@gmail.com,cuiimtdefuserbQXvS@gmail.com,Password12!,1733477859006415
cuiimtclaimantuservmvnl@gmail.com,cuiimtdefuserRnHia@gmail.com,Password12!,1733478668671498
cuiimtclaimantuserCTssI@gmail.com,cuiimtdefuserPVBRQ@gmail.com,Password12!,1733748908766039
cuiimtclaimantuserqqaGv@gmail.com,cuiimtdefuserAxAES@gmail.com,Password12!,1733756199490722
cuiimtclaimantuserRASPO@gmail.com,cuiimtdefuserHYWAq@gmail.com,Password12!,1733758411351708
cuiimtclaimantuserJmPoM@gmail.com,cuiimtdefuseroeAQT@gmail.com,Password12!,1733760233006353
cuiimtclaimantuserieaQg@gmail.com,cuiimtdefuserRkdLZ@gmail.com,Password12!,1733761749196605
cuiimtclaimantuserCMNFT@gmail.com,cuiimtdefusernwyuU@gmail.com,Password12!,1733762676513697
cuiimtclaimantuserLegGs@gmail.com,cuiimtdefuserbfJfs@gmail.com,Password12!,1733765245109046
cuiimtclaimantusernXUAu@gmail.com,cuiimtdefuserKJLSG@gmail.com,Password12!,1733766377543507
cuiimtclaimantuserxyXZz@gmail.com,cuiimtdefusersHMGv@gmail.com,Password12!,1733823064802801
cuiimtclaimantuserfZWDA@gmail.com,cuiimtdefuserVEXea@gmail.com,Password12!,1733824001122469
cuiimtclaimantuserzRuKs@gmail.com,cuiimtdefuserpoKwJ@gmail.com,Password12!,1733825391739564
cuiimtclaimantusernhKfT@gmail.com,cuiimtdefuserrmZuu@gmail.com,Password12!,1733826356022368
cuiimtclaimantuserAJNsN@gmail.com,cuiimtdefuserFrWIZ@gmail.com,Password12!,1733827311843302
cuiimtclaimantuserutqHf@gmail.com,cuiimtdefuserNgnfM@gmail.com,Password12!,1733827808023608
cuiimtclaimantusernYFWD@gmail.com,cuiimtdefuserpEgTo@gmail.com,Password12!,1733828348373198
cuiimtclaimantuserKimDJ@gmail.com,cuiimtdefuserWDsyA@gmail.com,Password12!,1733829726050333
cuiimtclaimantuserfTDKI@gmail.com,cuiimtdefuserczlvE@gmail.com,Password12!,1733830250072230
cuiimtclaimantuserzoAkW@gmail.com,cuiimtdefuserQQCoR@gmail.com,Password12!,1733830944367798
cuiimtclaimantuserDoqLB@gmail.com,cuiimtdefuserTCbCS@gmail.com,Password12!,1733831353482425
cuiimtclaimantuserSabGS@gmail.com,cuiimtdefusermgZvO@gmail.com,Password12!,1733831962672879
cuiimtclaimantuserQPmGy@gmail.com,cuiimtdefusercMehT@gmail.com,Password12!,1733832539290096
cuiimtclaimantuserpwDdf@gmail.com,cuiimtdefuserpULtG@gmail.com,Password12!,1733849645127533
cuiimtclaimantuserynaNX@gmail.com,cuiimtdefuserqEFro@gmail.com,Password12!,1733850393531058
cuiimtclaimantusergVUsC@gmail.com,cuiimtdefuserVdMkV@gmail.com,Password12!,1733912060210075
cuiimtclaimantuserxipGH@gmail.com,cuiimtdefuserUxLMV@gmail.com,Password12!,1733913261688069
cuiimtclaimantusertPdvO@gmail.com,cuiimtdefuserSLCYw@gmail.com,Password12!,1733928560242251
cuiimtclaimantuserQAGhH@gmail.com,cuiimtdefuservpviE@gmail.com,Password12!,1733929831126802
cuiimtclaimantuseraFUsm@gmail.com,cuiimtdefuserNNOAX@gmail.com,Password12!,1733938894826323
cuiimtclaimantuserUHCml@gmail.com,cuiimtdefuserRPxgq@gmail.com,Password12!,1734004627509477
