cuiimtclaimantusertfMFq@gmail.com,cuiimtdefusercxyrW@gmail.com,Password12!,1742222343535234
cuiimtclaimantuserKOmsv@gmail.com,cuiimtdefuserWzEdj@gmail.com,Password12!,1742222346046882
cuiimtclaimantuserAcWkx@gmail.com,cuiimtdefuserMnGJJ@gmail.com,Password12!,1742222359818995
cuiimtclaimantusergEIwZ@gmail.com,cuiimtdefuserTQBpA@gmail.com,Password12!,1742222373682856
cuiimtclaimantuserHHHHN@gmail.com,cuiimtdefuserXAokm@gmail.com,Password12!,1742222382864446
cuiimtclaimantusercRQKY@gmail.com,cuiimtdefuserhUyfs@gmail.com,Password12!,1742222395528764
cuiimtclaimantuserkafxH@gmail.com,cuiimtdefuserbgqPP@gmail.com,Password12!,1742222407089938
cuiimtclaimantuserbJbcu@gmail.com,cuiimtdefuseryxNKI@gmail.com,Password12!,1742222418355492
cuiimtclaimantuserRAisG@gmail.com,cuiimtdefuserCQTuy@gmail.com,Password12!,1742222425273399
cuiimtclaimantuserIKyGR@gmail.com,cuiimtdefusernvmjK@gmail.com,Password12!,1742222441473635
cuiimtclaimantuseraoFMl@gmail.com,cuiimtdefuserWEmVW@gmail.com,Password12!,1742222453615842
cuiimtclaimantuserzRoGA@gmail.com,cuiimtdefuserQQYRi@gmail.com,Password12!,1742222464080036
cuiimtclaimantuserHwfHy@gmail.com,cuiimtdefuseroSaQx@gmail.com,Password12!,1742222476027025
cuiimtclaimantuserZtVxy@gmail.com,cuiimtdefuserFFqaK@gmail.com,Password12!,1742222488063315
cuiimtclaimantuserDeHmU@gmail.com,cuiimtdefuserGELhR@gmail.com,Password12!,1742222500685376
cuiimtclaimantuserJbVCY@gmail.com,cuiimtdefuserigOKQ@gmail.com,Password12!,1742222515449057
cuiimtclaimantuserpaaDM@gmail.com,cuiimtdefuserZPmoJ@gmail.com,Password12!,1742222525719119
cuiimtclaimantuserUVQxI@gmail.com,cuiimtdefuserYlbOU@gmail.com,Password12!,1742222537039654
cuiimtclaimantuserdXcxT@gmail.com,cuiimtdefuserHFjsc@gmail.com,Password12!,1742222550006671
cuiimtclaimantuserytgAp@gmail.com,cuiimtdefuserAwUkz@gmail.com,Password12!,1742222561745101
cuiimtclaimantuserLJPOK@gmail.com,cuiimtdefuserUSfJc@gmail.com,Password12!,1742222571231662
cuiimtclaimantuserYRiIP@gmail.com,cuiimtdefuserwgewR@gmail.com,Password12!,1742222581007078
cuiimtclaimantuserfYvXn@gmail.com,cuiimtdefuseriwlXu@gmail.com,Password12!,1742222595815540
cuiimtclaimantuserUTXOc@gmail.com,cuiimtdefusernAjrN@gmail.com,Password12!,1742222606195718
cuiimtclaimantuserkMaqW@gmail.com,cuiimtdefuserkbszA@gmail.com,Password12!,1742222621610329
cuiimtclaimantuserSlohh@gmail.com,cuiimtdefuserdcwPL@gmail.com,Password12!,1742222632237690
cuiimtclaimantuserAwbRB@gmail.com,cuiimtdefuserqVtsp@gmail.com,Password12!,1742222648295161
cuiimtclaimantuserxbZvl@gmail.com,cuiimtdefuserQADYn@gmail.com,Password12!,1742222657681814
cuiimtclaimantuseriruJC@gmail.com,cuiimtdefuserXzSrI@gmail.com,Password12!,1742222665516861
cuiimtclaimantuserxKiIt@gmail.com,cuiimtdefuserzrULk@gmail.com,Password12!,1742222677566714
cuiimtclaimantuseraHvsy@gmail.com,cuiimtdefuseredOGR@gmail.com,Password12!,1742222704264713
cuiimtclaimantuserOhqpa@gmail.com,cuiimtdefuserqVspb@gmail.com,Password12!,1742222719987506
cuiimtclaimantuserEcaQd@gmail.com,cuiimtdefuserzZmSQ@gmail.com,Password12!,1742222726866719
cuiimtclaimantuserNktyQ@gmail.com,cuiimtdefuserMpSmk@gmail.com,Password12!,1742222742063143
cuiimtclaimantuserxxEmQ@gmail.com,cuiimtdefuserQSeji@gmail.com,Password12!,1742222755225621
cuiimtclaimantuserwEQTF@gmail.com,cuiimtdefuserDlqaJ@gmail.com,Password12!,1742222763255503
cuiimtclaimantuserdRzJE@gmail.com,cuiimtdefuserEWABo@gmail.com,Password12!,1742222775955314
cuiimtclaimantuserwXirt@gmail.com,cuiimtdefuserIWNHK@gmail.com,Password12!,1742222785634701
cuiimtclaimantuserVITUw@gmail.com,cuiimtdefuserFCkZC@gmail.com,Password12!,1742222802022203
cuiimtclaimantuserIoXWr@gmail.com,cuiimtdefuseryaOga@gmail.com,Password12!,1742222811801670
cuiimtclaimantuserdbhlg@gmail.com,cuiimtdefuseryOlvK@gmail.com,Password12!,1742222825563431
cuiimtclaimantuseronQPX@gmail.com,cuiimtdefuserSWuax@gmail.com,Password12!,1742222834744915
cuiimtclaimantuserJeGCn@gmail.com,cuiimtdefuserpuQgt@gmail.com,Password12!,1742222846765064
cuiimtclaimantuserrKIFR@gmail.com,cuiimtdefuserYAJec@gmail.com,Password12!,1742222857897251
cuiimtclaimantuserjQXVV@gmail.com,cuiimtdefuserIZWNr@gmail.com,Password12!,1742222884412082
cuiimtclaimantusermffuc@gmail.com,cuiimtdefuserVcqyp@gmail.com,Password12!,1742222896025997
cuiimtclaimantuserXKPZF@gmail.com,cuiimtdefuserDKyrE@gmail.com,Password12!,1742222908421143
cuiimtclaimantusergfszH@gmail.com,cuiimtdefuserLlWnO@gmail.com,Password12!,1742222922046371
cuiimtclaimantuserRqlDN@gmail.com,cuiimtdefuserKMGtY@gmail.com,Password12!,1742222928446682
cuiimtclaimantuserTMmVA@gmail.com,cuiimtdefuserddmdL@gmail.com,Password12!,1742222944513135
cuiimtclaimantuservfAbG@gmail.com,cuiimtdefuserDMqeV@gmail.com,Password12!,1742222954471257
cuiimtclaimantuserdXRLa@gmail.com,cuiimtdefusersoejQ@gmail.com,Password12!,1742222972243258
cuiimtclaimantuserpgPsu@gmail.com,cuiimtdefuseraqmnP@gmail.com,Password12!,1742222981515423
cuiimtclaimantuserfTfkh@gmail.com,cuiimtdefuseruLukY@gmail.com,Password12!,1742222990110638
cuiimtclaimantuserfXPWe@gmail.com,cuiimtdefuserfWSlY@gmail.com,Password12!,1742223002272119
cuiimtclaimantuserQTHel@gmail.com,cuiimtdefuserQMEPk@gmail.com,Password12!,1742223017129007
cuiimtclaimantuserkzTPs@gmail.com,cuiimtdefuserZYmDR@gmail.com,Password12!,1742223029082335
cuiimtclaimantuserlUYwK@gmail.com,cuiimtdefuseryPNyM@gmail.com,Password12!,1742223041400275
cuiimtclaimantuserkyrDp@gmail.com,cuiimtdefuserYvAaT@gmail.com,Password12!,1742223051607165
cuiimtclaimantuserVKbLQ@gmail.com,cuiimtdefuserLFUov@gmail.com,Password12!,1742223065338641
cuiimtclaimantuserUEeNV@gmail.com,cuiimtdefuserzAdBp@gmail.com,Password12!,1742223079876057
cuiimtclaimantuserVjJyQ@gmail.com,cuiimtdefuserJoDMF@gmail.com,Password12!,1742223089228299
cuiimtclaimantuserIDmCT@gmail.com,cuiimtdefuseraAznK@gmail.com,Password12!,1742223102657680
cuiimtclaimantuserVNCAc@gmail.com,cuiimtdefuserMtPvR@gmail.com,Password12!,1742223109172360
cuiimtclaimantuserfJqvY@gmail.com,cuiimtdefuserlAaBz@gmail.com,Password12!,1742223124902494
cuiimtclaimantuserdrMJL@gmail.com,cuiimtdefuserTPQra@gmail.com,Password12!,1742223138395867
cuiimtclaimantuserpgHkN@gmail.com,cuiimtdefuserEJumB@gmail.com,Password12!,1742223150566536
cuiimtclaimantuserSvVyo@gmail.com,cuiimtdefuseruFocU@gmail.com,Password12!,1742223158635960
cuiimtclaimantuserSLDqK@gmail.com,cuiimtdefuserdjEAN@gmail.com,Password12!,1742223171173254
cuiimtclaimantuseruloaw@gmail.com,cuiimtdefuserSjwCc@gmail.com,Password12!,1742223183677235
cuiimtclaimantuserVomgk@gmail.com,cuiimtdefuserCkVoF@gmail.com,Password12!,1742223196481377
cuiimtclaimantuseriCvaX@gmail.com,cuiimtdefuserqTbGP@gmail.com,Password12!,1742223211898779
cuiimtclaimantuservCLPJ@gmail.com,cuiimtdefuserWslLb@gmail.com,Password12!,1742223217733079
cuiimtclaimantuserNSBSS@gmail.com,cuiimtdefuserGulBf@gmail.com,Password12!,1742223233284370
cuiimtclaimantuserNRYwv@gmail.com,cuiimtdefuserJWBoQ@gmail.com,Password12!,1742223240833177
cuiimtclaimantusermabLN@gmail.com,cuiimtdefuserGIMuB@gmail.com,Password12!,1742223253235161
cuiimtclaimantuserdlqln@gmail.com,cuiimtdefuserjqLcn@gmail.com,Password12!,1742223266558443
cuiimtclaimantuserqDaei@gmail.com,cuiimtdefuserIjyhp@gmail.com,Password12!,1742223281062595
cuiimtclaimantuserXsndy@gmail.com,cuiimtdefuserVCFgf@gmail.com,Password12!,1742223307501519
cuiimtclaimantuserKYNkp@gmail.com,cuiimtdefusereZjvT@gmail.com,Password12!,1742223318014478
cuiimtclaimantuserUUonI@gmail.com,cuiimtdefuserSLNze@gmail.com,Password12!,1742223327258157
cuiimtclaimantuserRyxDe@gmail.com,cuiimtdefusergzfCN@gmail.com,Password12!,1742223339548678
cuiimtclaimantuserKkKpm@gmail.com,cuiimtdefuserlTFcg@gmail.com,Password12!,1742223355253245
cuiimtclaimantuserPVrVq@gmail.com,cuiimtdefuserJHJGK@gmail.com,Password12!,1742223365381366
cuiimtclaimantuserzXoJa@gmail.com,cuiimtdefuserzwkKt@gmail.com,Password12!,1742223377328728
cuiimtclaimantuserVOjbA@gmail.com,cuiimtdefuseribQzw@gmail.com,Password12!,1742223390486917
cuiimtclaimantuserPyjTS@gmail.com,cuiimtdefuserLFOsh@gmail.com,Password12!,1742223401531818
cuiimtclaimantuserurKlf@gmail.com,cuiimtdefuserUwUXa@gmail.com,Password12!,1742223413187401
cuiimtclaimantuserMnVTW@gmail.com,cuiimtdefuserHAAWh@gmail.com,Password12!,1742223430366525
cuiimtclaimantuseroKpDk@gmail.com,cuiimtdefuserMKQSv@gmail.com,Password12!,1742223437474108
cuiimtclaimantuserdwySN@gmail.com,cuiimtdefuseryeUzR@gmail.com,Password12!,1742223446713298
cuiimtclaimantuserTsQTg@gmail.com,cuiimtdefuserNeaWn@gmail.com,Password12!,1742223463378850
cuiimtclaimantuserkjtqp@gmail.com,cuiimtdefuserMmTaR@gmail.com,Password12!,1742223471754225
cuiimtclaimantusernkoww@gmail.com,cuiimtdefuseriTSHt@gmail.com,Password12!,1742223483313184
cuiimtclaimantuserYPqex@gmail.com,cuiimtdefuserrjAZn@gmail.com,Password12!,1742223495707670
cuiimtclaimantuserYgJJr@gmail.com,cuiimtdefuserQbPKJ@gmail.com,Password12!,1742223504584169
cuiimtclaimantuserZthbf@gmail.com,cuiimtdefuserKzKpA@gmail.com,Password12!,1742223520620914
cuiimtclaimantuserrnCNH@gmail.com,cuiimtdefuseriXsTB@gmail.com,Password12!,1742223533683941
cuiimtclaimantuserYxOnj@gmail.com,cuiimtdefuserwVtqJ@gmail.com,Password12!,1742223552486184
cuiimtclaimantuserOtPiQ@gmail.com,cuiimtdefuserKusKy@gmail.com,Password12!,1742223565767158
cuiimtclaimantuserGzHbD@gmail.com,cuiimtdefusertRMBx@gmail.com,Password12!,1742223578369406
cuiimtclaimantuserqdvDZ@gmail.com,cuiimtdefuserkRycT@gmail.com,Password12!,1742223588533223
cuiimtclaimantuserHiBaX@gmail.com,cuiimtdefusergGjll@gmail.com,Password12!,1742223604545722
cuiimtclaimantuserssRPY@gmail.com,cuiimtdefuseryEhVi@gmail.com,Password12!,1742223614761475
cuiimtclaimantuserXlQZI@gmail.com,cuiimtdefuserJAZeY@gmail.com,Password12!,1742223624652417
cuiimtclaimantusercahyq@gmail.com,cuiimtdefuserptsXC@gmail.com,Password12!,1742223637753624
cuiimtclaimantuservgGMh@gmail.com,cuiimtdefuserhYDqR@gmail.com,Password12!,1742223663144987
cuiimtclaimantuserLUCko@gmail.com,cuiimtdefuserTmguq@gmail.com,Password12!,1742223677605726
cuiimtclaimantuserruzQK@gmail.com,cuiimtdefuserlsSok@gmail.com,Password12!,1742223686834523
cuiimtclaimantusereohyG@gmail.com,cuiimtdefuserUHCzF@gmail.com,Password12!,1742223697026416
cuiimtclaimantuserTDiCd@gmail.com,cuiimtdefuserPdEpg@gmail.com,Password12!,1742223709570799
cuiimtclaimantuservbaBF@gmail.com,cuiimtdefuserkAaCm@gmail.com,Password12!,1742223726061905
cuiimtclaimantuserVdrtA@gmail.com,cuiimtdefuserGjbdu@gmail.com,Password12!,1742223735482183
cuiimtclaimantuserkEcQw@gmail.com,cuiimtdefuserVOIuw@gmail.com,Password12!,1742223748895330
cuiimtclaimantuserTNAzM@gmail.com,cuiimtdefuserfqFsA@gmail.com,Password12!,1742223761692275
cuiimtclaimantuserunvrv@gmail.com,cuiimtdefuserECrbq@gmail.com,Password12!,1742223772574777
cuiimtclaimantuserBQEcY@gmail.com,cuiimtdefuserbxkFM@gmail.com,Password12!,1742223783576977
cuiimtclaimantuserkyxYZ@gmail.com,cuiimtdefuserSJPsB@gmail.com,Password12!,1742223793304287
cuiimtclaimantuserlRwPb@gmail.com,cuiimtdefusernLDtb@gmail.com,Password12!,1742223804237518
cuiimtclaimantuserPTYwM@gmail.com,cuiimtdefuserCMUZH@gmail.com,Password12!,1742223815928899
cuiimtclaimantuserlCCOJ@gmail.com,cuiimtdefuserEzqbc@gmail.com,Password12!,1742223845554749
cuiimtclaimantuseroBKAb@gmail.com,cuiimtdefuseruARio@gmail.com,Password12!,1742223855637558
cuiimtclaimantuserIZFpP@gmail.com,cuiimtdefuserjbCni@gmail.com,Password12!,1742223869878164
cuiimtclaimantuserxfTWA@gmail.com,cuiimtdefuseryNGUm@gmail.com,Password12!,1742223881827611
cuiimtclaimantuserYxDju@gmail.com,cuiimtdefuserIfekH@gmail.com,Password12!,1742223889054572
cuiimtclaimantuserKDJXC@gmail.com,cuiimtdefuserREoQh@gmail.com,Password12!,1742223914881692
cuiimtclaimantuserHnKfF@gmail.com,cuiimtdefuserQQjFu@gmail.com,Password12!,1742223913843396
cuiimtclaimantuserlmNzt@gmail.com,cuiimtdefuserzHwLw@gmail.com,Password12!,1742223929679248
cuiimtclaimantuserjkkwL@gmail.com,cuiimtdefuserSrNBo@gmail.com,Password12!,1742223940683542
cuiimtclaimantuserRBQIX@gmail.com,cuiimtdefuserRnnJV@gmail.com,Password12!,1742223951536191
cuiimtclaimantuseroDRGY@gmail.com,cuiimtdefuserkZCtt@gmail.com,Password12!,1742223964076896
cuiimtclaimantuserOUdtI@gmail.com,cuiimtdefusersXLic@gmail.com,Password12!,1742223974915893
cuiimtclaimantuserTZEAH@gmail.com,cuiimtdefuserraUHu@gmail.com,Password12!,1742223988819354
cuiimtclaimantuserVKFKO@gmail.com,cuiimtdefuserLqqLz@gmail.com,Password12!,1742223997839021
cuiimtclaimantuserXJvyg@gmail.com,cuiimtdefuserprpyD@gmail.com,Password12!,1742224011747067
cuiimtclaimantuserTZHiT@gmail.com,cuiimtdefuserGvMNH@gmail.com,Password12!,1742224023172650
cuiimtclaimantuserUxJTf@gmail.com,cuiimtdefuserLjheu@gmail.com,Password12!,1742224038543077
cuiimtclaimantuserwbQJJ@gmail.com,cuiimtdefuserMFPwD@gmail.com,Password12!,1742224048906520
cuiimtclaimantuserPWSEP@gmail.com,cuiimtdefusernytxu@gmail.com,Password12!,1742224059928611
cuiimtclaimantuserNpvYt@gmail.com,cuiimtdefuserohHRT@gmail.com,Password12!,1742224072611467
cuiimtclaimantuserIBHPw@gmail.com,cuiimtdefusernxHnV@gmail.com,Password12!,1742224082763670
cuiimtclaimantuservYuBc@gmail.com,cuiimtdefuserkcqPQ@gmail.com,Password12!,1742224091319860
cuiimtclaimantuseruVMsB@gmail.com,cuiimtdefuserzlWEr@gmail.com,Password12!,1742224120107815
