claimantEmail,defEmail,password,caseId
cuicpclaimantuserkguOI@gmail.com,cuicpdefuserUXnLP@gmail.com,Password12!,1726079438957883
cuicpclaimantuserHraUV@gmail.com,cuicpdefuserbDhTv@gmail.com,Password12!,1726079450371104
cuicpclaimantuserJCHlK@gmail.com,cuicpdefuserHAJGc@gmail.com,Password12!,1726079458261752
cuicpclaimantuserXZAiR@gmail.com,cuicpdefuserpUmYw@gmail.com,Password12!,1726079464807424
cuicpclaimantuserjHuaG@gmail.com,cuicpdefusergagIj@gmail.com,Password12!,1726079477819788
cuicpclaimantuserIIPSX@gmail.com,cuicpdefuserGkpSz@gmail.com,Password12!,1726079485037118
cuicpclaimantuserhWAaD@gmail.com,cuicpdefuserSlhPH@gmail.com,Password12!,1726079492692996
cuicpclaimantuserOMGpV@gmail.com,cuicpdefuserWiSIq@gmail.com,Password12!,1726079498787956
cuicpclaimantuserjvqQX@gmail.com,cuicpdefuserlHtuL@gmail.com,Password12!,1726079511228327
cuicpclaimantusergVnFb@gmail.com,cuicpdefuserwlpYC@gmail.com,Password12!,1726079520891735
cuicpclaimantuserKniiI@gmail.com,cuicpdefuserTtand@gmail.com,Password12!,1726079529247152
cuicpclaimantuserfyPcU@gmail.com,cuicpdefuserGGKUz@gmail.com,Password12!,1726079535206606
cuicpclaimantuserwiXPz@gmail.com,cuicpdefuserzrHHq@gmail.com,Password12!,1726079544328417
cuicpclaimantuserxCZZr@gmail.com,cuicpdefuserIpysK@gmail.com,Password12!,1726079555963359
cuicpclaimantuserTADtE@gmail.com,cuicpdefuserKXuFf@gmail.com,Password12!,1726079563913412
cuicpclaimantuserTRRzJ@gmail.com,cuicpdefuserJtEVt@gmail.com,Password12!,1726079572893001
cuicpclaimantuserHOGLQ@gmail.com,cuicpdefuseryNMpk@gmail.com,Password12!,1726079583689695
cuicpclaimantuserdBUga@gmail.com,cuicpdefuserWQHaS@gmail.com,Password12!,1726079589175285
cuicpclaimantuserIBxwQ@gmail.com,cuicpdefuserGRwBk@gmail.com,Password12!,1726079597100549
cuicpclaimantusernyTnz@gmail.com,cuicpdefusertLCTJ@gmail.com,Password12!,1726079605930333
cuicpclaimantuserNSOmX@gmail.com,cuicpdefuserPiteV@gmail.com,Password12!,1726079616674706
cuicpclaimantuserwyWOj@gmail.com,cuicpdefuserOeAPW@gmail.com,Password12!,1726079623970345
cuicpclaimantuserbgREf@gmail.com,cuicpdefusernsPiF@gmail.com,Password12!,1726079632439811
cuicpclaimantuserTAALQ@gmail.com,cuicpdefuserDqJHp@gmail.com,Password12!,1726079642269828
cuicpclaimantuserTdwMf@gmail.com,cuicpdefuserbeFWN@gmail.com,Password12!,1726079653734686
cuicpclaimantuserBXNdC@gmail.com,cuicpdefuserptCVC@gmail.com,Password12!,1726079665903030
cuicpclaimantuserEEoGr@gmail.com,cuicpdefuserustBG@gmail.com,Password12!,1726079672552655
cuicpclaimantuserUobCm@gmail.com,cuicpdefuserdmEQD@gmail.com,Password12!,1726079677872686
cuicpclaimantusersYKVh@gmail.com,cuicpdefuserDjBkp@gmail.com,Password12!,1726079690833285