claimantuser,defendantuser,centreadminuser,judgeuser,password,judgepassword,tribunaluser,tribunalpassword,judgeregion4user,judgeregion4password,LAuser, LApassword
civil.damages.claims+organisation.1.solicitor.100@gmail.com,civil.damages.claims+organisation.2.solicitor.704@gmail.com,hearings_admin_region2_user@justice.gov.uk,EMP261004@ejudiciary.net,Password12!,Testing123,tribunal_legal_caseworker_reg4@justice.gov.uk,Password12!,Perftest_User_Region4@ejudiciary.net,Testing123,tribunal_legal_caseworker_reg4@justice.gov.uk,Password12!
civil.damages.claims+organisation.1.solicitor.102@gmail.com,civil.damages.claims+organisation.2.solicitor.480@gmail.com,hearings_admin_region2_user@justice.gov.uk,EMP261004@ejudiciary.net,Password12!,Testing123,tribunal_legal_caseworker_reg4@justice.gov.uk,Password12!,Perftest_User_Region4@ejudiciary.net,Testing123,tribunal_legal_caseworker_reg4@justice.gov.uk,Password12!
civil.damages.claims+organisation.1.solicitor.103@gmail.com,civil.damages.claims+organisation.2.solicitor.422@gmail.com,hearings_admin_region2_user@justice.gov.uk,EMP261004@ejudiciary.net,Password12!,Testing123,tribunal_legal_caseworker_reg4@justice.gov.uk,Password12!,Perftest_User_Region4@ejudiciary.net,Testing123,tribunal_legal_caseworker_reg4@justice.gov.uk,Password12!
civil.damages.claims+organisation.1.solicitor.whb@gmail.com,civil.damages.claims+organisation.2.solicitor.882@gmail.com,hearings_admin_region2_user@justice.gov.uk,EMP261004@ejudiciary.net,Password12!,Testing123,tribunal_legal_caseworker_reg4@justice.gov.uk,Password12!,Perftest_User_Region4@ejudiciary.net,Testing123,tribunal_legal_caseworker_reg4@justice.gov.uk,Password12!
civil.damages.claims+organisation.1.solicitor.oyp@gmail.com,civil.damages.claims+organisation.2.solicitor.027@gmail.com,hearings_admin_region2_user@justice.gov.uk,EMP261004@ejudiciary.net,Password12!,Testing123,tribunal_legal_caseworker_reg4@justice.gov.uk,Password12!,Perftest_User_Region4@ejudiciary.net,Testing123,tribunal_legal_caseworker_reg4@justice.gov.uk,Password12!
civil.damages.claims+organisation.1.solicitor.vdG@gmail.com,civil.damages.claims+organisation.2.solicitor.747@gmail.com,hearings_admin_region2_user@justice.gov.uk,EMP261004@ejudiciary.net,Password12!,Testing123,tribunal_legal_caseworker_reg4@justice.gov.uk,Password12!,Perftest_User_Region4@ejudiciary.net,Testing123,tribunal_legal_caseworker_reg4@justice.gov.uk,Password12!
civil.damages.claims+organisation.1.solicitor.QyJ@gmail.com,civil.damages.claims+organisation.2.solicitor.951@gmail.com,hearings_admin_region2_user@justice.gov.uk,EMP261004@ejudiciary.net,Password12!,Testing123,tribunal_legal_caseworker_reg4@justice.gov.uk,Password12!,Perftest_User_Region4@ejudiciary.net,Testing123,tribunal_legal_caseworker_reg4@justice.gov.uk,Password12!
civil.damages.claims+organisation.1.solicitor.vkm@gmail.com,civil.damages.claims+organisation.2.solicitor.281@gmail.com,hearings_admin_region2_user@justice.gov.uk,EMP261004@ejudiciary.net,Password12!,Testing123,tribunal_legal_caseworker_reg4@justice.gov.uk,Password12!,Perftest_User_Region4@ejudiciary.net,Testing123,tribunal_legal_caseworker_reg4@justice.gov.uk,Password12!
civil.damages.claims+organisation.1.solicitor.OEu@gmail.com,civil.damages.claims+organisation.2.solicitor.458@gmail.com,hearings_admin_region2_user@justice.gov.uk,EMP261004@ejudiciary.net,Password12!,Testing123,tribunal_legal_caseworker_reg4@justice.gov.uk,Password12!,Perftest_User_Region4@ejudiciary.net,Testing123,tribunal_legal_caseworker_reg4@justice.gov.uk,Password12!
civil.damages.claims+organisation.1.solicitor.izb@gmail.com,civil.damages.claims+organisation.2.solicitor.446@gmail.com,hearings_admin_region2_user@justice.gov.uk,EMP261004@ejudiciary.net,Password12!,Testing123,tribunal_legal_caseworker_reg4@justice.gov.uk,Password12!,Perftest_User_Region4@ejudiciary.net,Testing123,tribunal_legal_caseworker_reg4@justice.gov.uk,Password12!
civil.damages.claims+organisation.1.solicitor.GsS@gmail.com,civil.damages.claims+organisation.2.solicitor.636@gmail.com,hearings_admin_region2_user@justice.gov.uk,EMP261004@ejudiciary.net,Password12!,Testing123,tribunal_legal_caseworker_reg4@justice.gov.uk,Password12!,Perftest_User_Region4@ejudiciary.net,Testing123,tribunal_legal_caseworker_reg4@justice.gov.uk,Password12!
civil.damages.claims+organisation.1.solicitor.tmN@gmail.com,civil.damages.claims+organisation.2.solicitor.318@gmail.com,hearings_admin_region2_user@justice.gov.uk,EMP261004@ejudiciary.net,Password12!,Testing123,tribunal_legal_caseworker_reg4@justice.gov.uk,Password12!,Perftest_User_Region4@ejudiciary.net,Testing123,tribunal_legal_caseworker_reg4@justice.gov.uk,Password12!
civil.damages.claims+organisation.1.solicitor.aAS@gmail.com,civil.damages.claims+organisation.2.solicitor.630@gmail.com,hearings_admin_region2_user@justice.gov.uk,EMP261004@ejudiciary.net,Password12!,Testing123,tribunal_legal_caseworker_reg4@justice.gov.uk,Password12!,Perftest_User_Region4@ejudiciary.net,Testing123,tribunal_legal_caseworker_reg4@justice.gov.uk,Password12!
civil.damages.claims+organisation.1.solicitor.pGW@gmail.com,civil.damages.claims+organisation.2.solicitor.093@gmail.com,hearings_admin_region2_user@justice.gov.uk,EMP261004@ejudiciary.net,Password12!,Testing123,tribunal_legal_caseworker_reg4@justice.gov.uk,Password12!,Perftest_User_Region4@ejudiciary.net,Testing123,tribunal_legal_caseworker_reg4@justice.gov.uk,Password12!
civil.damages.claims+organisation.1.solicitor.OJO@gmail.com,civil.damages.claims+organisation.2.solicitor.826@gmail.com,hearings_admin_region2_user@justice.gov.uk,EMP261004@ejudiciary.net,Password12!,Testing123,tribunal_legal_caseworker_reg4@justice.gov.uk,Password12!,Perftest_User_Region4@ejudiciary.net,Testing123,tribunal_legal_caseworker_reg4@justice.gov.uk,Password12!
civil.damages.claims+organisation.1.solicitor.GuD@gmail.com,civil.damages.claims+organisation.2.solicitor.206@gmail.com,hearings_admin_region2_user@justice.gov.uk,EMP261004@ejudiciary.net,Password12!,Testing123,tribunal_legal_caseworker_reg4@justice.gov.uk,Password12!,Perftest_User_Region4@ejudiciary.net,Testing123,tribunal_legal_caseworker_reg4@justice.gov.uk,Password12!
civil.damages.claims+organisation.1.solicitor.OJb@gmail.com,civil.damages.claims+organisation.2.solicitor.084@gmail.com,hearings_admin_region2_user@justice.gov.uk,EMP261004@ejudiciary.net,Password12!,Testing123,tribunal_legal_caseworker_reg4@justice.gov.uk,Password12!,Perftest_User_Region4@ejudiciary.net,Testing123,tribunal_legal_caseworker_reg4@justice.gov.uk,Password12!
civil.damages.claims+organisation.1.solicitor.Iqj@gmail.com,civil.damages.claims+organisation.2.solicitor.023@gmail.com,hearings_admin_region2_user@justice.gov.uk,EMP261004@ejudiciary.net,Password12!,Testing123,tribunal_legal_caseworker_reg4@justice.gov.uk,Password12!,Perftest_User_Region4@ejudiciary.net,Testing123,tribunal_legal_caseworker_reg4@justice.gov.uk,Password12!
civil.damages.claims+organisation.1.solicitor.nZe@gmail.com,civil.damages.claims+organisation.2.solicitor.643@gmail.com,hearings_admin_region2_user@justice.gov.uk,EMP261004@ejudiciary.net,Password12!,Testing123,tribunal_legal_caseworker_reg4@justice.gov.uk,Password12!,Perftest_User_Region4@ejudiciary.net,Testing123,tribunal_legal_caseworker_reg4@justice.gov.uk,Password12!
civil.damages.claims+organisation.1.solicitor.alF@gmail.com,civil.damages.claims+organisation.2.solicitor.625@gmail.com,hearings_admin_region2_user@justice.gov.uk,EMP261004@ejudiciary.net,Password12!,Testing123,tribunal_legal_caseworker_reg4@justice.gov.uk,Password12!,Perftest_User_Region4@ejudiciary.net,Testing123,tribunal_legal_caseworker_reg4@justice.gov.uk,Password12!
civil.damages.claims+organisation.1.solicitor.UcB@gmail.com,civil.damages.claims+organisation.2.solicitor.439@gmail.com,hearings_admin_region2_user@justice.gov.uk,EMP261004@ejudiciary.net,Password12!,Testing123,tribunal_legal_caseworker_reg4@justice.gov.uk,Password12!,Perftest_User_Region4@ejudiciary.net,Testing123,tribunal_legal_caseworker_reg4@justice.gov.uk,Password12!
civil.damages.claims+organisation.1.solicitor.wJb@gmail.com,civil.damages.claims+organisation.2.solicitor.137@gmail.com,hearings_admin_region2_user@justice.gov.uk,EMP261004@ejudiciary.net,Password12!,Testing123,tribunal_legal_caseworker_reg4@justice.gov.uk,Password12!,Perftest_User_Region4@ejudiciary.net,Testing123,tribunal_legal_caseworker_reg4@justice.gov.uk,Password12!
civil.damages.claims+organisation.1.solicitor.VEZ@gmail.com,civil.damages.claims+organisation.2.solicitor.351@gmail.com,hearings_admin_region2_user@justice.gov.uk,EMP261004@ejudiciary.net,Password12!,Testing123,tribunal_legal_caseworker_reg4@justice.gov.uk,Password12!,Perftest_User_Region4@ejudiciary.net,Testing123,tribunal_legal_caseworker_reg4@justice.gov.uk,Password12!
civil.damages.claims+organisation.1.solicitor.iIx@gmail.com,civil.damages.claims+organisation.2.solicitor.796@gmail.com,hearings_admin_region2_user@justice.gov.uk,EMP261004@ejudiciary.net,Password12!,Testing123,tribunal_legal_caseworker_reg4@justice.gov.uk,Password12!,Perftest_User_Region4@ejudiciary.net,Testing123,tribunal_legal_caseworker_reg4@justice.gov.uk,Password12!
civil.damages.claims+organisation.1.solicitor.ASg@gmail.com,civil.damages.claims+organisation.2.solicitor.160@gmail.com,hearings_admin_region2_user@justice.gov.uk,EMP261004@ejudiciary.net,Password12!,Testing123,tribunal_legal_caseworker_reg4@justice.gov.uk,Password12!,Perftest_User_Region4@ejudiciary.net,Testing123,tribunal_legal_caseworker_reg4@justice.gov.uk,Password12!
civil.damages.claims+organisation.1.solicitor.csi@gmail.com,civil.damages.claims+organisation.2.solicitor.527@gmail.com,hearings_admin_region2_user@justice.gov.uk,EMP261004@ejudiciary.net,Password12!,Testing123,tribunal_legal_caseworker_reg4@justice.gov.uk,Password12!,Perftest_User_Region4@ejudiciary.net,Testing123,tribunal_legal_caseworker_reg4@justice.gov.uk,Password12!
civil.damages.claims+organisation.1.solicitor.iZJ@gmail.com,civil.damages.claims+organisation.2.solicitor.147@gmail.com,hearings_admin_region2_user@justice.gov.uk,EMP261004@ejudiciary.net,Password12!,Testing123,tribunal_legal_caseworker_reg4@justice.gov.uk,Password12!,Perftest_User_Region4@ejudiciary.net,Testing123,tribunal_legal_caseworker_reg4@justice.gov.uk,Password12!
civil.damages.claims+organisation.1.solicitor.XKI@gmail.com,civil.damages.claims+organisation.2.solicitor.492@gmail.com,hearings_admin_region2_user@justice.gov.uk,EMP261004@ejudiciary.net,Password12!,Testing123,tribunal_legal_caseworker_reg4@justice.gov.uk,Password12!,Perftest_User_Region4@ejudiciary.net,Testing123,tribunal_legal_caseworker_reg4@justice.gov.uk,Password12!
civil.damages.claims+organisation.1.solicitor.KBt@gmail.com,civil.damages.claims+organisation.2.solicitor.733@gmail.com,hearings_admin_region2_user@justice.gov.uk,EMP261004@ejudiciary.net,Password12!,Testing123,tribunal_legal_caseworker_reg4@justice.gov.uk,Password12!,Perftest_User_Region4@ejudiciary.net,Testing123,tribunal_legal_caseworker_reg4@justice.gov.uk,Password12!
civil.damages.claims+organisation.1.solicitor.PqS@gmail.com,civil.damages.claims+organisation.2.solicitor.565@gmail.com,hearings_admin_region2_user@justice.gov.uk,EMP261004@ejudiciary.net,Password12!,Testing123,tribunal_legal_caseworker_reg4@justice.gov.uk,Password12!,Perftest_User_Region4@ejudiciary.net,Testing123,tribunal_legal_caseworker_reg4@justice.gov.uk,Password12!
civil.damages.claims+organisation.1.solicitor.qer@gmail.com,civil.damages.claims+organisation.2.solicitor.027@gmail.com,hearings_admin_region2_user@justice.gov.uk,EMP261004@ejudiciary.net,Password12!,Testing123,tribunal_legal_caseworker_reg4@justice.gov.uk,Password12!,Perftest_User_Region4@ejudiciary.net,Testing123,tribunal_legal_caseworker_reg4@justice.gov.uk,Password12!