claimantuser,defendantuser,centreadminuser,judgeuser,password,judgepassword,tribunaluser,tribunalpassword,judgeregion4user,judgeregion4password
perf-civil-hsqZF-user0@mailinator.com,Password12!,civil.damages.claims+organisation.2.solicitor.704@gmail.com,hearings_admin_region2_user@justice.gov.uk,EMP261004@ejudiciary.net,Password12!,Testing123,tribunal_legal_caseworker_reg4@justice.gov.uk,Password12!,Perftest_User_Region4@ejudiciary.net,Testing123
perf-civil-hsqZF-user1@mailinator.com,Password12!,civil.damages.claims+organisation.2.solicitor.480@gmail.com,hearings_admin_region2_user@justice.gov.uk,EMP261004@ejudiciary.net,Password12!,Testing123,tribunal_legal_caseworker_reg4@justice.gov.uk,Password12!,Perftest_User_Region4@ejudiciary.net,Testing123
perf-civil-hsqZF-user2@mailinator.com,Password12!,civil.damages.claims+organisation.2.solicitor.422@gmail.com,hearings_admin_region2_user@justice.gov.uk,EMP261004@ejudiciary.net,Password12!,Testing123,tribunal_legal_caseworker_reg4@justice.gov.uk,Password12!,Perftest_User_Region4@ejudiciary.net,Testing123
perf-civil-hsqZF-user3@mailinator.com,Password12!,civil.damages.claims+organisation.2.solicitor.882@gmail.com,hearings_admin_region2_user@justice.gov.uk,EMP261004@ejudiciary.net,Password12!,Testing123,tribunal_legal_caseworker_reg4@justice.gov.uk,Password12!,Perftest_User_Region4@ejudiciary.net,Testing123
perf-civil-hsqZF-user4@mailinator.com,Password12!,civil.damages.claims+organisation.2.solicitor.027@gmail.com,hearings_admin_region2_user@justice.gov.uk,EMP261004@ejudiciary.net,Password12!,Testing123,tribunal_legal_caseworker_reg4@justice.gov.uk,Password12!,Perftest_User_Region4@ejudiciary.net,Testing123
perf-civil-hsqZF-user5@mailinator.com,Password12!,civil.damages.claims+organisation.2.solicitor.747@gmail.com,hearings_admin_region2_user@justice.gov.uk,EMP261004@ejudiciary.net,Password12!,Testing123,tribunal_legal_caseworker_reg4@justice.gov.uk,Password12!,Perftest_User_Region4@ejudiciary.net,Testing123
perf-civil-hsqZF-user6@mailinator.com,Password12!,civil.damages.claims+organisation.2.solicitor.951@gmail.com,hearings_admin_region2_user@justice.gov.uk,EMP261004@ejudiciary.net,Password12!,Testing123,tribunal_legal_caseworker_reg4@justice.gov.uk,Password12!,Perftest_User_Region4@ejudiciary.net,Testing123
perf-civil-hsqZF-user7@mailinator.com,Password12!,civil.damages.claims+organisation.2.solicitor.281@gmail.com,hearings_admin_region2_user@justice.gov.uk,EMP261004@ejudiciary.net,Password12!,Testing123,tribunal_legal_caseworker_reg4@justice.gov.uk,Password12!,Perftest_User_Region4@ejudiciary.net,Testing123
perf-civil-hsqZF-user8@mailinator.com,Password12!,civil.damages.claims+organisation.2.solicitor.458@gmail.com,hearings_admin_region2_user@justice.gov.uk,EMP261004@ejudiciary.net,Password12!,Testing123,tribunal_legal_caseworker_reg4@justice.gov.uk,Password12!,Perftest_User_Region4@ejudiciary.net,Testing123
perf-civil-hsqZF-user9@mailinator.com,Password12!,civil.damages.claims+organisation.2.solicitor.446@gmail.com,hearings_admin_region2_user@justice.gov.uk,EMP261004@ejudiciary.net,Password12!,Testing123,tribunal_legal_caseworker_reg4@justice.gov.uk,Password12!,Perftest_User_Region4@ejudiciary.net,Testing123
perf-civil-hsqZF-user10@mailinator.com,Password12!,civil.damages.claims+organisation.2.solicitor.636@gmail.com,hearings_admin_region2_user@justice.gov.uk,EMP261004@ejudiciary.net,Password12!,Testing123,tribunal_legal_caseworker_reg4@justice.gov.uk,Password12!,Perftest_User_Region4@ejudiciary.net,Testing123
perf-civil-hsqZF-user11@mailinator.com,Password12!,civil.damages.claims+organisation.2.solicitor.318@gmail.com,hearings_admin_region2_user@justice.gov.uk,EMP261004@ejudiciary.net,Password12!,Testing123,tribunal_legal_caseworker_reg4@justice.gov.uk,Password12!,Perftest_User_Region4@ejudiciary.net,Testing123
perf-civil-hsqZF-user12@mailinator.com,Password12!,civil.damages.claims+organisation.2.solicitor.630@gmail.com,hearings_admin_region2_user@justice.gov.uk,EMP261004@ejudiciary.net,Password12!,Testing123,tribunal_legal_caseworker_reg4@justice.gov.uk,Password12!,Perftest_User_Region4@ejudiciary.net,Testing123
perf-civil-hsqZF-user13@mailinator.com,Password12!,civil.damages.claims+organisation.2.solicitor.093@gmail.com,hearings_admin_region2_user@justice.gov.uk,EMP261004@ejudiciary.net,Password12!,Testing123,tribunal_legal_caseworker_reg4@justice.gov.uk,Password12!,Perftest_User_Region4@ejudiciary.net,Testing123
perf-civil-hsqZF-user14@mailinator.com,Password12!,civil.damages.claims+organisation.2.solicitor.826@gmail.com,hearings_admin_region2_user@justice.gov.uk,EMP261004@ejudiciary.net,Password12!,Testing123,tribunal_legal_caseworker_reg4@justice.gov.uk,Password12!,Perftest_User_Region4@ejudiciary.net,Testing123
perf-civil-hsqZF-user15@mailinator.com,Password12!,civil.damages.claims+organisation.2.solicitor.206@gmail.com,hearings_admin_region2_user@justice.gov.uk,EMP261004@ejudiciary.net,Password12!,Testing123,tribunal_legal_caseworker_reg4@justice.gov.uk,Password12!,Perftest_User_Region4@ejudiciary.net,Testing123
perf-civil-hsqZF-user16@mailinator.com,Password12!,civil.damages.claims+organisation.2.solicitor.084@gmail.com,hearings_admin_region2_user@justice.gov.uk,EMP261004@ejudiciary.net,Password12!,Testing123,tribunal_legal_caseworker_reg4@justice.gov.uk,Password12!,Perftest_User_Region4@ejudiciary.net,Testing123
perf-civil-hsqZF-user17@mailinator.com,Password12!,civil.damages.claims+organisation.2.solicitor.023@gmail.com,hearings_admin_region2_user@justice.gov.uk,EMP261004@ejudiciary.net,Password12!,Testing123,tribunal_legal_caseworker_reg4@justice.gov.uk,Password12!,Perftest_User_Region4@ejudiciary.net,Testing123
perf-civil-hsqZF-user18@mailinator.com,Password12!,civil.damages.claims+organisation.2.solicitor.643@gmail.com,hearings_admin_region2_user@justice.gov.uk,EMP261004@ejudiciary.net,Password12!,Testing123,tribunal_legal_caseworker_reg4@justice.gov.uk,Password12!,Perftest_User_Region4@ejudiciary.net,Testing123
perf-civil-hsqZF-user19@mailinator.com,Password12!,civil.damages.claims+organisation.2.solicitor.625@gmail.com,hearings_admin_region2_user@justice.gov.uk,EMP261004@ejudiciary.net,Password12!,Testing123,tribunal_legal_caseworker_reg4@justice.gov.uk,Password12!,Perftest_User_Region4@ejudiciary.net,Testing123
perf-civil-hsqZF-user20@mailinator.com,Password12!,civil.damages.claims+organisation.2.solicitor.439@gmail.com,hearings_admin_region2_user@justice.gov.uk,EMP261004@ejudiciary.net,Password12!,Testing123,tribunal_legal_caseworker_reg4@justice.gov.uk,Password12!,Perftest_User_Region4@ejudiciary.net,Testing123
perf-civil-hsqZF-user21@mailinator.com,Password12!,civil.damages.claims+organisation.2.solicitor.137@gmail.com,hearings_admin_region2_user@justice.gov.uk,EMP261004@ejudiciary.net,Password12!,Testing123,tribunal_legal_caseworker_reg4@justice.gov.uk,Password12!,Perftest_User_Region4@ejudiciary.net,Testing123
perf-civil-hsqZF-user22@mailinator.com,Password12!,civil.damages.claims+organisation.2.solicitor.351@gmail.com,hearings_admin_region2_user@justice.gov.uk,EMP261004@ejudiciary.net,Password12!,Testing123,tribunal_legal_caseworker_reg4@justice.gov.uk,Password12!,Perftest_User_Region4@ejudiciary.net,Testing123
perf-civil-hsqZF-user23@mailinator.com,Password12!,civil.damages.claims+organisation.2.solicitor.796@gmail.com,hearings_admin_region2_user@justice.gov.uk,EMP261004@ejudiciary.net,Password12!,Testing123,tribunal_legal_caseworker_reg4@justice.gov.uk,Password12!,Perftest_User_Region4@ejudiciary.net,Testing123
perf-civil-hsqZF-user24@mailinator.com,Password12!,civil.damages.claims+organisation.2.solicitor.160@gmail.com,hearings_admin_region2_user@justice.gov.uk,EMP261004@ejudiciary.net,Password12!,Testing123,tribunal_legal_caseworker_reg4@justice.gov.uk,Password12!,Perftest_User_Region4@ejudiciary.net,Testing123
perf-civil-hsqZF-user25@mailinator.com,Password12!,civil.damages.claims+organisation.2.solicitor.527@gmail.com,hearings_admin_region2_user@justice.gov.uk,EMP261004@ejudiciary.net,Password12!,Testing123,tribunal_legal_caseworker_reg4@justice.gov.uk,Password12!,Perftest_User_Region4@ejudiciary.net,Testing123
perf-civil-hsqZF-user26@mailinator.com,Password12!,civil.damages.claims+organisation.2.solicitor.147@gmail.com,hearings_admin_region2_user@justice.gov.uk,EMP261004@ejudiciary.net,Password12!,Testing123,tribunal_legal_caseworker_reg4@justice.gov.uk,Password12!,Perftest_User_Region4@ejudiciary.net,Testing123
perf-civil-hsqZF-user27@mailinator.com,Password12!,civil.damages.claims+organisation.2.solicitor.492@gmail.com,hearings_admin_region2_user@justice.gov.uk,EMP261004@ejudiciary.net,Password12!,Testing123,tribunal_legal_caseworker_reg4@justice.gov.uk,Password12!,Perftest_User_Region4@ejudiciary.net,Testing123
perf-civil-hsqZF-user28@mailinator.com,Password12!,civil.damages.claims+organisation.2.solicitor.733@gmail.com,hearings_admin_region2_user@justice.gov.uk,EMP261004@ejudiciary.net,Password12!,Testing123,tribunal_legal_caseworker_reg4@justice.gov.uk,Password12!,Perftest_User_Region4@ejudiciary.net,Testing123
perf-civil-hsqZF-user29@mailinator.com,Password12!,civil.damages.claims+organisation.2.solicitor.565@gmail.com,hearings_admin_region2_user@justice.gov.uk,EMP261004@ejudiciary.net,Password12!,Testing123,tribunal_legal_caseworker_reg4@justice.gov.uk,Password12!,Perftest_User_Region4@ejudiciary.net,Testing123
perf-civil-hsqZF-user30@mailinator.com,Password12!,civil.damages.claims+organisation.2.solicitor.704@gmail.com,hearings_admin_region2_user@justice.gov.uk,EMP261004@ejudiciary.net,Password12!,Testing123,tribunal_legal_caseworker_reg4@justice.gov.uk,Password12!,Perftest_User_Region4@ejudiciary.net,Testing123
perf-civil-hsqZF-user31@mailinator.com,Password12!,civil.damages.claims+organisation.2.solicitor.480@gmail.com,hearings_admin_region2_user@justice.gov.uk,EMP261004@ejudiciary.net,Password12!,Testing123,tribunal_legal_caseworker_reg4@justice.gov.uk,Password12!,Perftest_User_Region4@ejudiciary.net,Testing123
perf-civil-hsqZF-user32@mailinator.com,Password12!,civil.damages.claims+organisation.2.solicitor.422@gmail.com,hearings_admin_region2_user@justice.gov.uk,EMP261004@ejudiciary.net,Password12!,Testing123,tribunal_legal_caseworker_reg4@justice.gov.uk,Password12!,Perftest_User_Region4@ejudiciary.net,Testing123
perf-civil-hsqZF-user33@mailinator.com,Password12!,civil.damages.claims+organisation.2.solicitor.882@gmail.com,hearings_admin_region2_user@justice.gov.uk,EMP261004@ejudiciary.net,Password12!,Testing123,tribunal_legal_caseworker_reg4@justice.gov.uk,Password12!,Perftest_User_Region4@ejudiciary.net,Testing123
perf-civil-hsqZF-user34@mailinator.com,Password12!,civil.damages.claims+organisation.2.solicitor.027@gmail.com,hearings_admin_region2_user@justice.gov.uk,EMP261004@ejudiciary.net,Password12!,Testing123,tribunal_legal_caseworker_reg4@justice.gov.uk,Password12!,Perftest_User_Region4@ejudiciary.net,Testing123
perf-civil-hsqZF-user35@mailinator.com,Password12!,civil.damages.claims+organisation.2.solicitor.747@gmail.com,hearings_admin_region2_user@justice.gov.uk,EMP261004@ejudiciary.net,Password12!,Testing123,tribunal_legal_caseworker_reg4@justice.gov.uk,Password12!,Perftest_User_Region4@ejudiciary.net,Testing123
perf-civil-hsqZF-user36@mailinator.com,Password12!,civil.damages.claims+organisation.2.solicitor.951@gmail.com,hearings_admin_region2_user@justice.gov.uk,EMP261004@ejudiciary.net,Password12!,Testing123,tribunal_legal_caseworker_reg4@justice.gov.uk,Password12!,Perftest_User_Region4@ejudiciary.net,Testing123
perf-civil-hsqZF-user37@mailinator.com,Password12!,civil.damages.claims+organisation.2.solicitor.281@gmail.com,hearings_admin_region2_user@justice.gov.uk,EMP261004@ejudiciary.net,Password12!,Testing123,tribunal_legal_caseworker_reg4@justice.gov.uk,Password12!,Perftest_User_Region4@ejudiciary.net,Testing123
perf-civil-hsqZF-user38@mailinator.com,Password12!,civil.damages.claims+organisation.2.solicitor.458@gmail.com,hearings_admin_region2_user@justice.gov.uk,EMP261004@ejudiciary.net,Password12!,Testing123,tribunal_legal_caseworker_reg4@justice.gov.uk,Password12!,Perftest_User_Region4@ejudiciary.net,Testing123
perf-civil-hsqZF-user39@mailinator.com,Password12!,civil.damages.claims+organisation.2.solicitor.446@gmail.com,hearings_admin_region2_user@justice.gov.uk,EMP261004@ejudiciary.net,Password12!,Testing123,tribunal_legal_caseworker_reg4@justice.gov.uk,Password12!,Perftest_User_Region4@ejudiciary.net,Testing123
perf-civil-hsqZF-user40@mailinator.com,Password12!,civil.damages.claims+organisation.2.solicitor.636@gmail.com,hearings_admin_region2_user@justice.gov.uk,EMP261004@ejudiciary.net,Password12!,Testing123,tribunal_legal_caseworker_reg4@justice.gov.uk,Password12!,Perftest_User_Region4@ejudiciary.net,Testing123
perf-civil-hsqZF-user41@mailinator.com,Password12!,civil.damages.claims+organisation.2.solicitor.318@gmail.com,hearings_admin_region2_user@justice.gov.uk,EMP261004@ejudiciary.net,Password12!,Testing123,tribunal_legal_caseworker_reg4@justice.gov.uk,Password12!,Perftest_User_Region4@ejudiciary.net,Testing123
perf-civil-hsqZF-user42@mailinator.com,Password12!,civil.damages.claims+organisation.2.solicitor.630@gmail.com,hearings_admin_region2_user@justice.gov.uk,EMP261004@ejudiciary.net,Password12!,Testing123,tribunal_legal_caseworker_reg4@justice.gov.uk,Password12!,Perftest_User_Region4@ejudiciary.net,Testing123
perf-civil-hsqZF-user43@mailinator.com,Password12!,civil.damages.claims+organisation.2.solicitor.093@gmail.com,hearings_admin_region2_user@justice.gov.uk,EMP261004@ejudiciary.net,Password12!,Testing123,tribunal_legal_caseworker_reg4@justice.gov.uk,Password12!,Perftest_User_Region4@ejudiciary.net,Testing123
perf-civil-hsqZF-user44@mailinator.com,Password12!,civil.damages.claims+organisation.2.solicitor.826@gmail.com,hearings_admin_region2_user@justice.gov.uk,EMP261004@ejudiciary.net,Password12!,Testing123,tribunal_legal_caseworker_reg4@justice.gov.uk,Password12!,Perftest_User_Region4@ejudiciary.net,Testing123
perf-civil-hsqZF-user45@mailinator.com,Password12!,civil.damages.claims+organisation.2.solicitor.206@gmail.com,hearings_admin_region2_user@justice.gov.uk,EMP261004@ejudiciary.net,Password12!,Testing123,tribunal_legal_caseworker_reg4@justice.gov.uk,Password12!,Perftest_User_Region4@ejudiciary.net,Testing123
perf-civil-hsqZF-user46@mailinator.com,Password12!,civil.damages.claims+organisation.2.solicitor.084@gmail.com,hearings_admin_region2_user@justice.gov.uk,EMP261004@ejudiciary.net,Password12!,Testing123,tribunal_legal_caseworker_reg4@justice.gov.uk,Password12!,Perftest_User_Region4@ejudiciary.net,Testing123
perf-civil-hsqZF-user47@mailinator.com,Password12!,civil.damages.claims+organisation.2.solicitor.023@gmail.com,hearings_admin_region2_user@justice.gov.uk,EMP261004@ejudiciary.net,Password12!,Testing123,tribunal_legal_caseworker_reg4@justice.gov.uk,Password12!,Perftest_User_Region4@ejudiciary.net,Testing123
perf-civil-hsqZF-user48@mailinator.com,Password12!,civil.damages.claims+organisation.2.solicitor.643@gmail.com,hearings_admin_region2_user@justice.gov.uk,EMP261004@ejudiciary.net,Password12!,Testing123,tribunal_legal_caseworker_reg4@justice.gov.uk,Password12!,Perftest_User_Region4@ejudiciary.net,Testing123
perf-civil-hsqZF-user49@mailinator.com,Password12!,civil.damages.claims+organisation.2.solicitor.625@gmail.com,hearings_admin_region2_user@justice.gov.uk,EMP261004@ejudiciary.net,Password12!,Testing123,tribunal_legal_caseworker_reg4@justice.gov.uk,Password12!,Perftest_User_Region4@ejudiciary.net,Testing123
perf-civil-hsqZF-user50@mailinator.com,Password12!,civil.damages.claims+organisation.2.solicitor.439@gmail.com,hearings_admin_region2_user@justice.gov.uk,EMP261004@ejudiciary.net,Password12!,Testing123,tribunal_legal_caseworker_reg4@justice.gov.uk,Password12!,Perftest_User_Region4@ejudiciary.net,Testing123
perf-civil-hsqZF-user51@mailinator.com,Password12!,civil.damages.claims+organisation.2.solicitor.137@gmail.com,hearings_admin_region2_user@justice.gov.uk,EMP261004@ejudiciary.net,Password12!,Testing123,tribunal_legal_caseworker_reg4@justice.gov.uk,Password12!,Perftest_User_Region4@ejudiciary.net,Testing123
perf-civil-hsqZF-user52@mailinator.com,Password12!,civil.damages.claims+organisation.2.solicitor.351@gmail.com,hearings_admin_region2_user@justice.gov.uk,EMP261004@ejudiciary.net,Password12!,Testing123,tribunal_legal_caseworker_reg4@justice.gov.uk,Password12!,Perftest_User_Region4@ejudiciary.net,Testing123
perf-civil-hsqZF-user53@mailinator.com,Password12!,civil.damages.claims+organisation.2.solicitor.796@gmail.com,hearings_admin_region2_user@justice.gov.uk,EMP261004@ejudiciary.net,Password12!,Testing123,tribunal_legal_caseworker_reg4@justice.gov.uk,Password12!,Perftest_User_Region4@ejudiciary.net,Testing123
perf-civil-hsqZF-user54@mailinator.com,Password12!,civil.damages.claims+organisation.2.solicitor.160@gmail.com,hearings_admin_region2_user@justice.gov.uk,EMP261004@ejudiciary.net,Password12!,Testing123,tribunal_legal_caseworker_reg4@justice.gov.uk,Password12!,Perftest_User_Region4@ejudiciary.net,Testing123
perf-civil-hsqZF-user55@mailinator.com,Password12!,civil.damages.claims+organisation.2.solicitor.527@gmail.com,hearings_admin_region2_user@justice.gov.uk,EMP261004@ejudiciary.net,Password12!,Testing123,tribunal_legal_caseworker_reg4@justice.gov.uk,Password12!,Perftest_User_Region4@ejudiciary.net,Testing123
perf-civil-hsqZF-user56@mailinator.com,Password12!,civil.damages.claims+organisation.2.solicitor.147@gmail.com,hearings_admin_region2_user@justice.gov.uk,EMP261004@ejudiciary.net,Password12!,Testing123,tribunal_legal_caseworker_reg4@justice.gov.uk,Password12!,Perftest_User_Region4@ejudiciary.net,Testing123
perf-civil-hsqZF-user57@mailinator.com,Password12!,civil.damages.claims+organisation.2.solicitor.492@gmail.com,hearings_admin_region2_user@justice.gov.uk,EMP261004@ejudiciary.net,Password12!,Testing123,tribunal_legal_caseworker_reg4@justice.gov.uk,Password12!,Perftest_User_Region4@ejudiciary.net,Testing123
perf-civil-hsqZF-user58@mailinator.com,Password12!,civil.damages.claims+organisation.2.solicitor.733@gmail.com,hearings_admin_region2_user@justice.gov.uk,EMP261004@ejudiciary.net,Password12!,Testing123,tribunal_legal_caseworker_reg4@justice.gov.uk,Password12!,Perftest_User_Region4@ejudiciary.net,Testing123
perf-civil-hsqZF-user59@mailinator.com,Password12!,civil.damages.claims+organisation.2.solicitor.565@gmail.com,hearings_admin_region2_user@justice.gov.uk,EMP261004@ejudiciary.net,Password12!,Testing123,tribunal_legal_caseworker_reg4@justice.gov.uk,Password12!,Perftest_User_Region4@ejudiciary.net,Testing123
perf-civil-hsqZF-user60@mailinator.com,Password12!,civil.damages.claims+organisation.2.solicitor.704@gmail.com,hearings_admin_region2_user@justice.gov.uk,EMP261004@ejudiciary.net,Password12!,Testing123,tribunal_legal_caseworker_reg4@justice.gov.uk,Password12!,Perftest_User_Region4@ejudiciary.net,Testing123
perf-civil-hsqZF-user61@mailinator.com,Password12!,civil.damages.claims+organisation.2.solicitor.480@gmail.com,hearings_admin_region2_user@justice.gov.uk,EMP261004@ejudiciary.net,Password12!,Testing123,tribunal_legal_caseworker_reg4@justice.gov.uk,Password12!,Perftest_User_Region4@ejudiciary.net,Testing123
perf-civil-hsqZF-user62@mailinator.com,Password12!,civil.damages.claims+organisation.2.solicitor.422@gmail.com,hearings_admin_region2_user@justice.gov.uk,EMP261004@ejudiciary.net,Password12!,Testing123,tribunal_legal_caseworker_reg4@justice.gov.uk,Password12!,Perftest_User_Region4@ejudiciary.net,Testing123
perf-civil-hsqZF-user63@mailinator.com,Password12!,civil.damages.claims+organisation.2.solicitor.882@gmail.com,hearings_admin_region2_user@justice.gov.uk,EMP261004@ejudiciary.net,Password12!,Testing123,tribunal_legal_caseworker_reg4@justice.gov.uk,Password12!,Perftest_User_Region4@ejudiciary.net,Testing123
perf-civil-hsqZF-user64@mailinator.com,Password12!,civil.damages.claims+organisation.2.solicitor.027@gmail.com,hearings_admin_region2_user@justice.gov.uk,EMP261004@ejudiciary.net,Password12!,Testing123,tribunal_legal_caseworker_reg4@justice.gov.uk,Password12!,Perftest_User_Region4@ejudiciary.net,Testing123
perf-civil-hsqZF-user65@mailinator.com,Password12!,civil.damages.claims+organisation.2.solicitor.747@gmail.com,hearings_admin_region2_user@justice.gov.uk,EMP261004@ejudiciary.net,Password12!,Testing123,tribunal_legal_caseworker_reg4@justice.gov.uk,Password12!,Perftest_User_Region4@ejudiciary.net,Testing123
perf-civil-hsqZF-user66@mailinator.com,Password12!,civil.damages.claims+organisation.2.solicitor.951@gmail.com,hearings_admin_region2_user@justice.gov.uk,EMP261004@ejudiciary.net,Password12!,Testing123,tribunal_legal_caseworker_reg4@justice.gov.uk,Password12!,Perftest_User_Region4@ejudiciary.net,Testing123
perf-civil-hsqZF-user67@mailinator.com,Password12!,civil.damages.claims+organisation.2.solicitor.281@gmail.com,hearings_admin_region2_user@justice.gov.uk,EMP261004@ejudiciary.net,Password12!,Testing123,tribunal_legal_caseworker_reg4@justice.gov.uk,Password12!,Perftest_User_Region4@ejudiciary.net,Testing123
perf-civil-hsqZF-user68@mailinator.com,Password12!,civil.damages.claims+organisation.2.solicitor.458@gmail.com,hearings_admin_region2_user@justice.gov.uk,EMP261004@ejudiciary.net,Password12!,Testing123,tribunal_legal_caseworker_reg4@justice.gov.uk,Password12!,Perftest_User_Region4@ejudiciary.net,Testing123
perf-civil-hsqZF-user69@mailinator.com,Password12!,civil.damages.claims+organisation.2.solicitor.446@gmail.com,hearings_admin_region2_user@justice.gov.uk,EMP261004@ejudiciary.net,Password12!,Testing123,tribunal_legal_caseworker_reg4@justice.gov.uk,Password12!,Perftest_User_Region4@ejudiciary.net,Testing123
perf-civil-hsqZF-user70@mailinator.com,Password12!,civil.damages.claims+organisation.2.solicitor.636@gmail.com,hearings_admin_region2_user@justice.gov.uk,EMP261004@ejudiciary.net,Password12!,Testing123,tribunal_legal_caseworker_reg4@justice.gov.uk,Password12!,Perftest_User_Region4@ejudiciary.net,Testing123
perf-civil-hsqZF-user71@mailinator.com,Password12!,civil.damages.claims+organisation.2.solicitor.318@gmail.com,hearings_admin_region2_user@justice.gov.uk,EMP261004@ejudiciary.net,Password12!,Testing123,tribunal_legal_caseworker_reg4@justice.gov.uk,Password12!,Perftest_User_Region4@ejudiciary.net,Testing123
perf-civil-hsqZF-user72@mailinator.com,Password12!,civil.damages.claims+organisation.2.solicitor.630@gmail.com,hearings_admin_region2_user@justice.gov.uk,EMP261004@ejudiciary.net,Password12!,Testing123,tribunal_legal_caseworker_reg4@justice.gov.uk,Password12!,Perftest_User_Region4@ejudiciary.net,Testing123
perf-civil-hsqZF-user73@mailinator.com,Password12!,civil.damages.claims+organisation.2.solicitor.093@gmail.com,hearings_admin_region2_user@justice.gov.uk,EMP261004@ejudiciary.net,Password12!,Testing123,tribunal_legal_caseworker_reg4@justice.gov.uk,Password12!,Perftest_User_Region4@ejudiciary.net,Testing123
perf-civil-hsqZF-user74@mailinator.com,Password12!,civil.damages.claims+organisation.2.solicitor.826@gmail.com,hearings_admin_region2_user@justice.gov.uk,EMP261004@ejudiciary.net,Password12!,Testing123,tribunal_legal_caseworker_reg4@justice.gov.uk,Password12!,Perftest_User_Region4@ejudiciary.net,Testing123
perf-civil-hsqZF-user75@mailinator.com,Password12!,civil.damages.claims+organisation.2.solicitor.206@gmail.com,hearings_admin_region2_user@justice.gov.uk,EMP261004@ejudiciary.net,Password12!,Testing123,tribunal_legal_caseworker_reg4@justice.gov.uk,Password12!,Perftest_User_Region4@ejudiciary.net,Testing123
perf-civil-hsqZF-user76@mailinator.com,Password12!,civil.damages.claims+organisation.2.solicitor.084@gmail.com,hearings_admin_region2_user@justice.gov.uk,EMP261004@ejudiciary.net,Password12!,Testing123,tribunal_legal_caseworker_reg4@justice.gov.uk,Password12!,Perftest_User_Region4@ejudiciary.net,Testing123
perf-civil-hsqZF-user77@mailinator.com,Password12!,civil.damages.claims+organisation.2.solicitor.023@gmail.com,hearings_admin_region2_user@justice.gov.uk,EMP261004@ejudiciary.net,Password12!,Testing123,tribunal_legal_caseworker_reg4@justice.gov.uk,Password12!,Perftest_User_Region4@ejudiciary.net,Testing123
perf-civil-hsqZF-user78@mailinator.com,Password12!,civil.damages.claims+organisation.2.solicitor.643@gmail.com,hearings_admin_region2_user@justice.gov.uk,EMP261004@ejudiciary.net,Password12!,Testing123,tribunal_legal_caseworker_reg4@justice.gov.uk,Password12!,Perftest_User_Region4@ejudiciary.net,Testing123
perf-civil-hsqZF-user79@mailinator.com,Password12!,civil.damages.claims+organisation.2.solicitor.625@gmail.com,hearings_admin_region2_user@justice.gov.uk,EMP261004@ejudiciary.net,Password12!,Testing123,tribunal_legal_caseworker_reg4@justice.gov.uk,Password12!,Perftest_User_Region4@ejudiciary.net,Testing123
perf-civil-hsqZF-user80@mailinator.com,Password12!,civil.damages.claims+organisation.2.solicitor.439@gmail.com,hearings_admin_region2_user@justice.gov.uk,EMP261004@ejudiciary.net,Password12!,Testing123,tribunal_legal_caseworker_reg4@justice.gov.uk,Password12!,Perftest_User_Region4@ejudiciary.net,Testing123
perf-civil-hsqZF-user81@mailinator.com,Password12!,civil.damages.claims+organisation.2.solicitor.137@gmail.com,hearings_admin_region2_user@justice.gov.uk,EMP261004@ejudiciary.net,Password12!,Testing123,tribunal_legal_caseworker_reg4@justice.gov.uk,Password12!,Perftest_User_Region4@ejudiciary.net,Testing123
perf-civil-hsqZF-user82@mailinator.com,Password12!,civil.damages.claims+organisation.2.solicitor.351@gmail.com,hearings_admin_region2_user@justice.gov.uk,EMP261004@ejudiciary.net,Password12!,Testing123,tribunal_legal_caseworker_reg4@justice.gov.uk,Password12!,Perftest_User_Region4@ejudiciary.net,Testing123
perf-civil-hsqZF-user83@mailinator.com,Password12!,civil.damages.claims+organisation.2.solicitor.796@gmail.com,hearings_admin_region2_user@justice.gov.uk,EMP261004@ejudiciary.net,Password12!,Testing123,tribunal_legal_caseworker_reg4@justice.gov.uk,Password12!,Perftest_User_Region4@ejudiciary.net,Testing123
perf-civil-hsqZF-user84@mailinator.com,Password12!,civil.damages.claims+organisation.2.solicitor.160@gmail.com,hearings_admin_region2_user@justice.gov.uk,EMP261004@ejudiciary.net,Password12!,Testing123,tribunal_legal_caseworker_reg4@justice.gov.uk,Password12!,Perftest_User_Region4@ejudiciary.net,Testing123
perf-civil-hsqZF-user85@mailinator.com,Password12!,civil.damages.claims+organisation.2.solicitor.527@gmail.com,hearings_admin_region2_user@justice.gov.uk,EMP261004@ejudiciary.net,Password12!,Testing123,tribunal_legal_caseworker_reg4@justice.gov.uk,Password12!,Perftest_User_Region4@ejudiciary.net,Testing123
perf-civil-hsqZF-user86@mailinator.com,Password12!,civil.damages.claims+organisation.2.solicitor.147@gmail.com,hearings_admin_region2_user@justice.gov.uk,EMP261004@ejudiciary.net,Password12!,Testing123,tribunal_legal_caseworker_reg4@justice.gov.uk,Password12!,Perftest_User_Region4@ejudiciary.net,Testing123
perf-civil-hsqZF-user87@mailinator.com,Password12!,civil.damages.claims+organisation.2.solicitor.492@gmail.com,hearings_admin_region2_user@justice.gov.uk,EMP261004@ejudiciary.net,Password12!,Testing123,tribunal_legal_caseworker_reg4@justice.gov.uk,Password12!,Perftest_User_Region4@ejudiciary.net,Testing123
perf-civil-hsqZF-user88@mailinator.com,Password12!,civil.damages.claims+organisation.2.solicitor.733@gmail.com,hearings_admin_region2_user@justice.gov.uk,EMP261004@ejudiciary.net,Password12!,Testing123,tribunal_legal_caseworker_reg4@justice.gov.uk,Password12!,Perftest_User_Region4@ejudiciary.net,Testing123
perf-civil-hsqZF-user89@mailinator.com,Password12!,civil.damages.claims+organisation.2.solicitor.565@gmail.com,hearings_admin_region2_user@justice.gov.uk,EMP261004@ejudiciary.net,Password12!,Testing123,tribunal_legal_caseworker_reg4@justice.gov.uk,Password12!,Perftest_User_Region4@ejudiciary.net,Testing123
perf-civil-hsqZF-user90@mailinator.com,Password12!,civil.damages.claims+organisation.2.solicitor.704@gmail.com,hearings_admin_region2_user@justice.gov.uk,EMP261004@ejudiciary.net,Password12!,Testing123,tribunal_legal_caseworker_reg4@justice.gov.uk,Password12!,Perftest_User_Region4@ejudiciary.net,Testing123
perf-civil-hsqZF-user91@mailinator.com,Password12!,civil.damages.claims+organisation.2.solicitor.480@gmail.com,hearings_admin_region2_user@justice.gov.uk,EMP261004@ejudiciary.net,Password12!,Testing123,tribunal_legal_caseworker_reg4@justice.gov.uk,Password12!,Perftest_User_Region4@ejudiciary.net,Testing123
perf-civil-hsqZF-user92@mailinator.com,Password12!,civil.damages.claims+organisation.2.solicitor.422@gmail.com,hearings_admin_region2_user@justice.gov.uk,EMP261004@ejudiciary.net,Password12!,Testing123,tribunal_legal_caseworker_reg4@justice.gov.uk,Password12!,Perftest_User_Region4@ejudiciary.net,Testing123
perf-civil-hsqZF-user93@mailinator.com,Password12!,civil.damages.claims+organisation.2.solicitor.882@gmail.com,hearings_admin_region2_user@justice.gov.uk,EMP261004@ejudiciary.net,Password12!,Testing123,tribunal_legal_caseworker_reg4@justice.gov.uk,Password12!,Perftest_User_Region4@ejudiciary.net,Testing123
perf-civil-hsqZF-user94@mailinator.com,Password12!,civil.damages.claims+organisation.2.solicitor.027@gmail.com,hearings_admin_region2_user@justice.gov.uk,EMP261004@ejudiciary.net,Password12!,Testing123,tribunal_legal_caseworker_reg4@justice.gov.uk,Password12!,Perftest_User_Region4@ejudiciary.net,Testing123
perf-civil-hsqZF-user95@mailinator.com,Password12!,civil.damages.claims+organisation.2.solicitor.747@gmail.com,hearings_admin_region2_user@justice.gov.uk,EMP261004@ejudiciary.net,Password12!,Testing123,tribunal_legal_caseworker_reg4@justice.gov.uk,Password12!,Perftest_User_Region4@ejudiciary.net,Testing123
perf-civil-hsqZF-user96@mailinator.com,Password12!,civil.damages.claims+organisation.2.solicitor.951@gmail.com,hearings_admin_region2_user@justice.gov.uk,EMP261004@ejudiciary.net,Password12!,Testing123,tribunal_legal_caseworker_reg4@justice.gov.uk,Password12!,Perftest_User_Region4@ejudiciary.net,Testing123
perf-civil-hsqZF-user97@mailinator.com,Password12!,civil.damages.claims+organisation.2.solicitor.281@gmail.com,hearings_admin_region2_user@justice.gov.uk,EMP261004@ejudiciary.net,Password12!,Testing123,tribunal_legal_caseworker_reg4@justice.gov.uk,Password12!,Perftest_User_Region4@ejudiciary.net,Testing123
perf-civil-hsqZF-user98@mailinator.com,Password12!,civil.damages.claims+organisation.2.solicitor.458@gmail.com,hearings_admin_region2_user@justice.gov.uk,EMP261004@ejudiciary.net,Password12!,Testing123,tribunal_legal_caseworker_reg4@justice.gov.uk,Password12!,Perftest_User_Region4@ejudiciary.net,Testing123
perf-civil-hsqZF-user99@mailinator.com,Password12!,civil.damages.claims+organisation.2.solicitor.446@gmail.com,hearings_admin_region2_user@justice.gov.uk,EMP261004@ejudiciary.net,Password12!,Testing123,tribunal_legal_caseworker_reg4@justice.gov.uk,Password12!,Perftest_User_Region4@ejudiciary.net,Testing123
perf-civil-hsqZF-user100@mailinator.com,Password12!,civil.damages.claims+organisation.2.solicitor.636@gmail.com,hearings_admin_region2_user@justice.gov.uk,EMP261004@ejudiciary.net,Password12!,Testing123,tribunal_legal_caseworker_reg4@justice.gov.uk,Password12!,Perftest_User_Region4@ejudiciary.net,Testing123
perf-civil-hsqZF-user101@mailinator.com,Password12!,civil.damages.claims+organisation.2.solicitor.318@gmail.com,hearings_admin_region2_user@justice.gov.uk,EMP261004@ejudiciary.net,Password12!,Testing123,tribunal_legal_caseworker_reg4@justice.gov.uk,Password12!,Perftest_User_Region4@ejudiciary.net,Testing123
perf-civil-hsqZF-user102@mailinator.com,Password12!,civil.damages.claims+organisation.2.solicitor.630@gmail.com,hearings_admin_region2_user@justice.gov.uk,EMP261004@ejudiciary.net,Password12!,Testing123,tribunal_legal_caseworker_reg4@justice.gov.uk,Password12!,Perftest_User_Region4@ejudiciary.net,Testing123
perf-civil-hsqZF-user103@mailinator.com,Password12!,civil.damages.claims+organisation.2.solicitor.093@gmail.com,hearings_admin_region2_user@justice.gov.uk,EMP261004@ejudiciary.net,Password12!,Testing123,tribunal_legal_caseworker_reg4@justice.gov.uk,Password12!,Perftest_User_Region4@ejudiciary.net,Testing123
perf-civil-hsqZF-user104@mailinator.com,Password12!,civil.damages.claims+organisation.2.solicitor.826@gmail.com,hearings_admin_region2_user@justice.gov.uk,EMP261004@ejudiciary.net,Password12!,Testing123,tribunal_legal_caseworker_reg4@justice.gov.uk,Password12!,Perftest_User_Region4@ejudiciary.net,Testing123
perf-civil-hsqZF-user105@mailinator.com,Password12!,civil.damages.claims+organisation.2.solicitor.206@gmail.com,hearings_admin_region2_user@justice.gov.uk,EMP261004@ejudiciary.net,Password12!,Testing123,tribunal_legal_caseworker_reg4@justice.gov.uk,Password12!,Perftest_User_Region4@ejudiciary.net,Testing123
perf-civil-hsqZF-user106@mailinator.com,Password12!,civil.damages.claims+organisation.2.solicitor.084@gmail.com,hearings_admin_region2_user@justice.gov.uk,EMP261004@ejudiciary.net,Password12!,Testing123,tribunal_legal_caseworker_reg4@justice.gov.uk,Password12!,Perftest_User_Region4@ejudiciary.net,Testing123
perf-civil-hsqZF-user107@mailinator.com,Password12!,civil.damages.claims+organisation.2.solicitor.023@gmail.com,hearings_admin_region2_user@justice.gov.uk,EMP261004@ejudiciary.net,Password12!,Testing123,tribunal_legal_caseworker_reg4@justice.gov.uk,Password12!,Perftest_User_Region4@ejudiciary.net,Testing123
perf-civil-hsqZF-user108@mailinator.com,Password12!,civil.damages.claims+organisation.2.solicitor.643@gmail.com,hearings_admin_region2_user@justice.gov.uk,EMP261004@ejudiciary.net,Password12!,Testing123,tribunal_legal_caseworker_reg4@justice.gov.uk,Password12!,Perftest_User_Region4@ejudiciary.net,Testing123
perf-civil-hsqZF-user109@mailinator.com,Password12!,civil.damages.claims+organisation.2.solicitor.625@gmail.com,hearings_admin_region2_user@justice.gov.uk,EMP261004@ejudiciary.net,Password12!,Testing123,tribunal_legal_caseworker_reg4@justice.gov.uk,Password12!,Perftest_User_Region4@ejudiciary.net,Testing123
perf-civil-hsqZF-user110@mailinator.com,Password12!,civil.damages.claims+organisation.2.solicitor.439@gmail.com,hearings_admin_region2_user@justice.gov.uk,EMP261004@ejudiciary.net,Password12!,Testing123,tribunal_legal_caseworker_reg4@justice.gov.uk,Password12!,Perftest_User_Region4@ejudiciary.net,Testing123
perf-civil-hsqZF-user111@mailinator.com,Password12!,civil.damages.claims+organisation.2.solicitor.137@gmail.com,hearings_admin_region2_user@justice.gov.uk,EMP261004@ejudiciary.net,Password12!,Testing123,tribunal_legal_caseworker_reg4@justice.gov.uk,Password12!,Perftest_User_Region4@ejudiciary.net,Testing123
perf-civil-hsqZF-user112@mailinator.com,Password12!,civil.damages.claims+organisation.2.solicitor.351@gmail.com,hearings_admin_region2_user@justice.gov.uk,EMP261004@ejudiciary.net,Password12!,Testing123,tribunal_legal_caseworker_reg4@justice.gov.uk,Password12!,Perftest_User_Region4@ejudiciary.net,Testing123
perf-civil-hsqZF-user113@mailinator.com,Password12!,civil.damages.claims+organisation.2.solicitor.796@gmail.com,hearings_admin_region2_user@justice.gov.uk,EMP261004@ejudiciary.net,Password12!,Testing123,tribunal_legal_caseworker_reg4@justice.gov.uk,Password12!,Perftest_User_Region4@ejudiciary.net,Testing123
perf-civil-hsqZF-user114@mailinator.com,Password12!,civil.damages.claims+organisation.2.solicitor.160@gmail.com,hearings_admin_region2_user@justice.gov.uk,EMP261004@ejudiciary.net,Password12!,Testing123,tribunal_legal_caseworker_reg4@justice.gov.uk,Password12!,Perftest_User_Region4@ejudiciary.net,Testing123
perf-civil-hsqZF-user115@mailinator.com,Password12!,civil.damages.claims+organisation.2.solicitor.527@gmail.com,hearings_admin_region2_user@justice.gov.uk,EMP261004@ejudiciary.net,Password12!,Testing123,tribunal_legal_caseworker_reg4@justice.gov.uk,Password12!,Perftest_User_Region4@ejudiciary.net,Testing123
perf-civil-hsqZF-user116@mailinator.com,Password12!,civil.damages.claims+organisation.2.solicitor.147@gmail.com,hearings_admin_region2_user@justice.gov.uk,EMP261004@ejudiciary.net,Password12!,Testing123,tribunal_legal_caseworker_reg4@justice.gov.uk,Password12!,Perftest_User_Region4@ejudiciary.net,Testing123
perf-civil-hsqZF-user117@mailinator.com,Password12!,civil.damages.claims+organisation.2.solicitor.492@gmail.com,hearings_admin_region2_user@justice.gov.uk,EMP261004@ejudiciary.net,Password12!,Testing123,tribunal_legal_caseworker_reg4@justice.gov.uk,Password12!,Perftest_User_Region4@ejudiciary.net,Testing123
perf-civil-hsqZF-user118@mailinator.com,Password12!,civil.damages.claims+organisation.2.solicitor.733@gmail.com,hearings_admin_region2_user@justice.gov.uk,EMP261004@ejudiciary.net,Password12!,Testing123,tribunal_legal_caseworker_reg4@justice.gov.uk,Password12!,Perftest_User_Region4@ejudiciary.net,Testing123
perf-civil-hsqZF-user119@mailinator.com,Password12!,civil.damages.claims+organisation.2.solicitor.565@gmail.com,hearings_admin_region2_user@justice.gov.uk,EMP261004@ejudiciary.net,Password12!,Testing123,tribunal_legal_caseworker_reg4@justice.gov.uk,Password12!,Perftest_User_Region4@ejudiciary.net,Testing123
perf-civil-hsqZF-user120@mailinator.com,Password12!,civil.damages.claims+organisation.2.solicitor.704@gmail.com,hearings_admin_region2_user@justice.gov.uk,EMP261004@ejudiciary.net,Password12!,Testing123,tribunal_legal_caseworker_reg4@justice.gov.uk,Password12!,Perftest_User_Region4@ejudiciary.net,Testing123
perf-civil-hsqZF-user121@mailinator.com,Password12!,civil.damages.claims+organisation.2.solicitor.480@gmail.com,hearings_admin_region2_user@justice.gov.uk,EMP261004@ejudiciary.net,Password12!,Testing123,tribunal_legal_caseworker_reg4@justice.gov.uk,Password12!,Perftest_User_Region4@ejudiciary.net,Testing123
perf-civil-hsqZF-user122@mailinator.com,Password12!,civil.damages.claims+organisation.2.solicitor.422@gmail.com,hearings_admin_region2_user@justice.gov.uk,EMP261004@ejudiciary.net,Password12!,Testing123,tribunal_legal_caseworker_reg4@justice.gov.uk,Password12!,Perftest_User_Region4@ejudiciary.net,Testing123
perf-civil-hsqZF-user123@mailinator.com,Password12!,civil.damages.claims+organisation.2.solicitor.882@gmail.com,hearings_admin_region2_user@justice.gov.uk,EMP261004@ejudiciary.net,Password12!,Testing123,tribunal_legal_caseworker_reg4@justice.gov.uk,Password12!,Perftest_User_Region4@ejudiciary.net,Testing123
perf-civil-hsqZF-user124@mailinator.com,Password12!,civil.damages.claims+organisation.2.solicitor.027@gmail.com,hearings_admin_region2_user@justice.gov.uk,EMP261004@ejudiciary.net,Password12!,Testing123,tribunal_legal_caseworker_reg4@justice.gov.uk,Password12!,Perftest_User_Region4@ejudiciary.net,Testing123
perf-civil-hsqZF-user125@mailinator.com,Password12!,civil.damages.claims+organisation.2.solicitor.747@gmail.com,hearings_admin_region2_user@justice.gov.uk,EMP261004@ejudiciary.net,Password12!,Testing123,tribunal_legal_caseworker_reg4@justice.gov.uk,Password12!,Perftest_User_Region4@ejudiciary.net,Testing123
perf-civil-hsqZF-user126@mailinator.com,Password12!,civil.damages.claims+organisation.2.solicitor.951@gmail.com,hearings_admin_region2_user@justice.gov.uk,EMP261004@ejudiciary.net,Password12!,Testing123,tribunal_legal_caseworker_reg4@justice.gov.uk,Password12!,Perftest_User_Region4@ejudiciary.net,Testing123
perf-civil-hsqZF-user127@mailinator.com,Password12!,civil.damages.claims+organisation.2.solicitor.281@gmail.com,hearings_admin_region2_user@justice.gov.uk,EMP261004@ejudiciary.net,Password12!,Testing123,tribunal_legal_caseworker_reg4@justice.gov.uk,Password12!,Perftest_User_Region4@ejudiciary.net,Testing123
perf-civil-hsqZF-user128@mailinator.com,Password12!,civil.damages.claims+organisation.2.solicitor.458@gmail.com,hearings_admin_region2_user@justice.gov.uk,EMP261004@ejudiciary.net,Password12!,Testing123,tribunal_legal_caseworker_reg4@justice.gov.uk,Password12!,Perftest_User_Region4@ejudiciary.net,Testing123
perf-civil-hsqZF-user129@mailinator.com,Password12!,civil.damages.claims+organisation.2.solicitor.446@gmail.com,hearings_admin_region2_user@justice.gov.uk,EMP261004@ejudiciary.net,Password12!,Testing123,tribunal_legal_caseworker_reg4@justice.gov.uk,Password12!,Perftest_User_Region4@ejudiciary.net,Testing123
perf-civil-hsqZF-user130@mailinator.com,Password12!,civil.damages.claims+organisation.2.solicitor.636@gmail.com,hearings_admin_region2_user@justice.gov.uk,EMP261004@ejudiciary.net,Password12!,Testing123,tribunal_legal_caseworker_reg4@justice.gov.uk,Password12!,Perftest_User_Region4@ejudiciary.net,Testing123
perf-civil-hsqZF-user131@mailinator.com,Password12!,civil.damages.claims+organisation.2.solicitor.318@gmail.com,hearings_admin_region2_user@justice.gov.uk,EMP261004@ejudiciary.net,Password12!,Testing123,tribunal_legal_caseworker_reg4@justice.gov.uk,Password12!,Perftest_User_Region4@ejudiciary.net,Testing123
perf-civil-hsqZF-user132@mailinator.com,Password12!,civil.damages.claims+organisation.2.solicitor.630@gmail.com,hearings_admin_region2_user@justice.gov.uk,EMP261004@ejudiciary.net,Password12!,Testing123,tribunal_legal_caseworker_reg4@justice.gov.uk,Password12!,Perftest_User_Region4@ejudiciary.net,Testing123
perf-civil-hsqZF-user133@mailinator.com,Password12!,civil.damages.claims+organisation.2.solicitor.093@gmail.com,hearings_admin_region2_user@justice.gov.uk,EMP261004@ejudiciary.net,Password12!,Testing123,tribunal_legal_caseworker_reg4@justice.gov.uk,Password12!,Perftest_User_Region4@ejudiciary.net,Testing123
perf-civil-hsqZF-user134@mailinator.com,Password12!,civil.damages.claims+organisation.2.solicitor.826@gmail.com,hearings_admin_region2_user@justice.gov.uk,EMP261004@ejudiciary.net,Password12!,Testing123,tribunal_legal_caseworker_reg4@justice.gov.uk,Password12!,Perftest_User_Region4@ejudiciary.net,Testing123
perf-civil-hsqZF-user135@mailinator.com,Password12!,civil.damages.claims+organisation.2.solicitor.206@gmail.com,hearings_admin_region2_user@justice.gov.uk,EMP261004@ejudiciary.net,Password12!,Testing123,tribunal_legal_caseworker_reg4@justice.gov.uk,Password12!,Perftest_User_Region4@ejudiciary.net,Testing123
perf-civil-hsqZF-user136@mailinator.com,Password12!,civil.damages.claims+organisation.2.solicitor.084@gmail.com,hearings_admin_region2_user@justice.gov.uk,EMP261004@ejudiciary.net,Password12!,Testing123,tribunal_legal_caseworker_reg4@justice.gov.uk,Password12!,Perftest_User_Region4@ejudiciary.net,Testing123
perf-civil-hsqZF-user137@mailinator.com,Password12!,civil.damages.claims+organisation.2.solicitor.023@gmail.com,hearings_admin_region2_user@justice.gov.uk,EMP261004@ejudiciary.net,Password12!,Testing123,tribunal_legal_caseworker_reg4@justice.gov.uk,Password12!,Perftest_User_Region4@ejudiciary.net,Testing123
perf-civil-hsqZF-user138@mailinator.com,Password12!,civil.damages.claims+organisation.2.solicitor.643@gmail.com,hearings_admin_region2_user@justice.gov.uk,EMP261004@ejudiciary.net,Password12!,Testing123,tribunal_legal_caseworker_reg4@justice.gov.uk,Password12!,Perftest_User_Region4@ejudiciary.net,Testing123
perf-civil-hsqZF-user139@mailinator.com,Password12!,civil.damages.claims+organisation.2.solicitor.625@gmail.com,hearings_admin_region2_user@justice.gov.uk,EMP261004@ejudiciary.net,Password12!,Testing123,tribunal_legal_caseworker_reg4@justice.gov.uk,Password12!,Perftest_User_Region4@ejudiciary.net,Testing123
perf-civil-hsqZF-user140@mailinator.com,Password12!,civil.damages.claims+organisation.2.solicitor.439@gmail.com,hearings_admin_region2_user@justice.gov.uk,EMP261004@ejudiciary.net,Password12!,Testing123,tribunal_legal_caseworker_reg4@justice.gov.uk,Password12!,Perftest_User_Region4@ejudiciary.net,Testing123
perf-civil-hsqZF-user141@mailinator.com,Password12!,civil.damages.claims+organisation.2.solicitor.137@gmail.com,hearings_admin_region2_user@justice.gov.uk,EMP261004@ejudiciary.net,Password12!,Testing123,tribunal_legal_caseworker_reg4@justice.gov.uk,Password12!,Perftest_User_Region4@ejudiciary.net,Testing123
perf-civil-hsqZF-user142@mailinator.com,Password12!,civil.damages.claims+organisation.2.solicitor.351@gmail.com,hearings_admin_region2_user@justice.gov.uk,EMP261004@ejudiciary.net,Password12!,Testing123,tribunal_legal_caseworker_reg4@justice.gov.uk,Password12!,Perftest_User_Region4@ejudiciary.net,Testing123
perf-civil-hsqZF-user143@mailinator.com,Password12!,civil.damages.claims+organisation.2.solicitor.796@gmail.com,hearings_admin_region2_user@justice.gov.uk,EMP261004@ejudiciary.net,Password12!,Testing123,tribunal_legal_caseworker_reg4@justice.gov.uk,Password12!,Perftest_User_Region4@ejudiciary.net,Testing123
perf-civil-hsqZF-user144@mailinator.com,Password12!,civil.damages.claims+organisation.2.solicitor.160@gmail.com,hearings_admin_region2_user@justice.gov.uk,EMP261004@ejudiciary.net,Password12!,Testing123,tribunal_legal_caseworker_reg4@justice.gov.uk,Password12!,Perftest_User_Region4@ejudiciary.net,Testing123
perf-civil-hsqZF-user145@mailinator.com,Password12!,civil.damages.claims+organisation.2.solicitor.527@gmail.com,hearings_admin_region2_user@justice.gov.uk,EMP261004@ejudiciary.net,Password12!,Testing123,tribunal_legal_caseworker_reg4@justice.gov.uk,Password12!,Perftest_User_Region4@ejudiciary.net,Testing123
perf-civil-hsqZF-user146@mailinator.com,Password12!,civil.damages.claims+organisation.2.solicitor.147@gmail.com,hearings_admin_region2_user@justice.gov.uk,EMP261004@ejudiciary.net,Password12!,Testing123,tribunal_legal_caseworker_reg4@justice.gov.uk,Password12!,Perftest_User_Region4@ejudiciary.net,Testing123
perf-civil-hsqZF-user147@mailinator.com,Password12!,civil.damages.claims+organisation.2.solicitor.492@gmail.com,hearings_admin_region2_user@justice.gov.uk,EMP261004@ejudiciary.net,Password12!,Testing123,tribunal_legal_caseworker_reg4@justice.gov.uk,Password12!,Perftest_User_Region4@ejudiciary.net,Testing123
perf-civil-hsqZF-user148@mailinator.com,Password12!,civil.damages.claims+organisation.2.solicitor.733@gmail.com,hearings_admin_region2_user@justice.gov.uk,EMP261004@ejudiciary.net,Password12!,Testing123,tribunal_legal_caseworker_reg4@justice.gov.uk,Password12!,Perftest_User_Region4@ejudiciary.net,Testing123
perf-civil-hsqZF-user149@mailinator.com,Password12!,civil.damages.claims+organisation.2.solicitor.565@gmail.com,hearings_admin_region2_user@justice.gov.uk,EMP261004@ejudiciary.net,Password12!,Testing123,tribunal_legal_caseworker_reg4@justice.gov.uk,Password12!,Perftest_User_Region4@ejudiciary.net,Testing123
perf-civil-hsqZF-user150@mailinator.com,Password12!,civil.damages.claims+organisation.2.solicitor.704@gmail.com,hearings_admin_region2_user@justice.gov.uk,EMP261004@ejudiciary.net,Password12!,Testing123,tribunal_legal_caseworker_reg4@justice.gov.uk,Password12!,Perftest_User_Region4@ejudiciary.net,Testing123
perf-civil-hsqZF-user151@mailinator.com,Password12!,civil.damages.claims+organisation.2.solicitor.480@gmail.com,hearings_admin_region2_user@justice.gov.uk,EMP261004@ejudiciary.net,Password12!,Testing123,tribunal_legal_caseworker_reg4@justice.gov.uk,Password12!,Perftest_User_Region4@ejudiciary.net,Testing123
perf-civil-hsqZF-user152@mailinator.com,Password12!,civil.damages.claims+organisation.2.solicitor.422@gmail.com,hearings_admin_region2_user@justice.gov.uk,EMP261004@ejudiciary.net,Password12!,Testing123,tribunal_legal_caseworker_reg4@justice.gov.uk,Password12!,Perftest_User_Region4@ejudiciary.net,Testing123
perf-civil-hsqZF-user153@mailinator.com,Password12!,civil.damages.claims+organisation.2.solicitor.882@gmail.com,hearings_admin_region2_user@justice.gov.uk,EMP261004@ejudiciary.net,Password12!,Testing123,tribunal_legal_caseworker_reg4@justice.gov.uk,Password12!,Perftest_User_Region4@ejudiciary.net,Testing123
perf-civil-hsqZF-user154@mailinator.com,Password12!,civil.damages.claims+organisation.2.solicitor.027@gmail.com,hearings_admin_region2_user@justice.gov.uk,EMP261004@ejudiciary.net,Password12!,Testing123,tribunal_legal_caseworker_reg4@justice.gov.uk,Password12!,Perftest_User_Region4@ejudiciary.net,Testing123
perf-civil-hsqZF-user155@mailinator.com,Password12!,civil.damages.claims+organisation.2.solicitor.747@gmail.com,hearings_admin_region2_user@justice.gov.uk,EMP261004@ejudiciary.net,Password12!,Testing123,tribunal_legal_caseworker_reg4@justice.gov.uk,Password12!,Perftest_User_Region4@ejudiciary.net,Testing123
perf-civil-hsqZF-user156@mailinator.com,Password12!,civil.damages.claims+organisation.2.solicitor.951@gmail.com,hearings_admin_region2_user@justice.gov.uk,EMP261004@ejudiciary.net,Password12!,Testing123,tribunal_legal_caseworker_reg4@justice.gov.uk,Password12!,Perftest_User_Region4@ejudiciary.net,Testing123
perf-civil-hsqZF-user157@mailinator.com,Password12!,civil.damages.claims+organisation.2.solicitor.281@gmail.com,hearings_admin_region2_user@justice.gov.uk,EMP261004@ejudiciary.net,Password12!,Testing123,tribunal_legal_caseworker_reg4@justice.gov.uk,Password12!,Perftest_User_Region4@ejudiciary.net,Testing123
perf-civil-hsqZF-user158@mailinator.com,Password12!,civil.damages.claims+organisation.2.solicitor.458@gmail.com,hearings_admin_region2_user@justice.gov.uk,EMP261004@ejudiciary.net,Password12!,Testing123,tribunal_legal_caseworker_reg4@justice.gov.uk,Password12!,Perftest_User_Region4@ejudiciary.net,Testing123
perf-civil-hsqZF-user159@mailinator.com,Password12!,civil.damages.claims+organisation.2.solicitor.446@gmail.com,hearings_admin_region2_user@justice.gov.uk,EMP261004@ejudiciary.net,Password12!,Testing123,tribunal_legal_caseworker_reg4@justice.gov.uk,Password12!,Perftest_User_Region4@ejudiciary.net,Testing123
perf-civil-hsqZF-user160@mailinator.com,Password12!,civil.damages.claims+organisation.2.solicitor.636@gmail.com,hearings_admin_region2_user@justice.gov.uk,EMP261004@ejudiciary.net,Password12!,Testing123,tribunal_legal_caseworker_reg4@justice.gov.uk,Password12!,Perftest_User_Region4@ejudiciary.net,Testing123
perf-civil-hsqZF-user161@mailinator.com,Password12!,civil.damages.claims+organisation.2.solicitor.318@gmail.com,hearings_admin_region2_user@justice.gov.uk,EMP261004@ejudiciary.net,Password12!,Testing123,tribunal_legal_caseworker_reg4@justice.gov.uk,Password12!,Perftest_User_Region4@ejudiciary.net,Testing123
perf-civil-hsqZF-user162@mailinator.com,Password12!,civil.damages.claims+organisation.2.solicitor.630@gmail.com,hearings_admin_region2_user@justice.gov.uk,EMP261004@ejudiciary.net,Password12!,Testing123,tribunal_legal_caseworker_reg4@justice.gov.uk,Password12!,Perftest_User_Region4@ejudiciary.net,Testing123
perf-civil-hsqZF-user163@mailinator.com,Password12!,civil.damages.claims+organisation.2.solicitor.093@gmail.com,hearings_admin_region2_user@justice.gov.uk,EMP261004@ejudiciary.net,Password12!,Testing123,tribunal_legal_caseworker_reg4@justice.gov.uk,Password12!,Perftest_User_Region4@ejudiciary.net,Testing123
perf-civil-hsqZF-user164@mailinator.com,Password12!,civil.damages.claims+organisation.2.solicitor.826@gmail.com,hearings_admin_region2_user@justice.gov.uk,EMP261004@ejudiciary.net,Password12!,Testing123,tribunal_legal_caseworker_reg4@justice.gov.uk,Password12!,Perftest_User_Region4@ejudiciary.net,Testing123
perf-civil-hsqZF-user165@mailinator.com,Password12!,civil.damages.claims+organisation.2.solicitor.206@gmail.com,hearings_admin_region2_user@justice.gov.uk,EMP261004@ejudiciary.net,Password12!,Testing123,tribunal_legal_caseworker_reg4@justice.gov.uk,Password12!,Perftest_User_Region4@ejudiciary.net,Testing123
perf-civil-hsqZF-user166@mailinator.com,Password12!,civil.damages.claims+organisation.2.solicitor.084@gmail.com,hearings_admin_region2_user@justice.gov.uk,EMP261004@ejudiciary.net,Password12!,Testing123,tribunal_legal_caseworker_reg4@justice.gov.uk,Password12!,Perftest_User_Region4@ejudiciary.net,Testing123
perf-civil-hsqZF-user167@mailinator.com,Password12!,civil.damages.claims+organisation.2.solicitor.023@gmail.com,hearings_admin_region2_user@justice.gov.uk,EMP261004@ejudiciary.net,Password12!,Testing123,tribunal_legal_caseworker_reg4@justice.gov.uk,Password12!,Perftest_User_Region4@ejudiciary.net,Testing123
perf-civil-hsqZF-user168@mailinator.com,Password12!,civil.damages.claims+organisation.2.solicitor.643@gmail.com,hearings_admin_region2_user@justice.gov.uk,EMP261004@ejudiciary.net,Password12!,Testing123,tribunal_legal_caseworker_reg4@justice.gov.uk,Password12!,Perftest_User_Region4@ejudiciary.net,Testing123
perf-civil-hsqZF-user169@mailinator.com,Password12!,civil.damages.claims+organisation.2.solicitor.625@gmail.com,hearings_admin_region2_user@justice.gov.uk,EMP261004@ejudiciary.net,Password12!,Testing123,tribunal_legal_caseworker_reg4@justice.gov.uk,Password12!,Perftest_User_Region4@ejudiciary.net,Testing123
perf-civil-hsqZF-user170@mailinator.com,Password12!,civil.damages.claims+organisation.2.solicitor.439@gmail.com,hearings_admin_region2_user@justice.gov.uk,EMP261004@ejudiciary.net,Password12!,Testing123,tribunal_legal_caseworker_reg4@justice.gov.uk,Password12!,Perftest_User_Region4@ejudiciary.net,Testing123
perf-civil-hsqZF-user171@mailinator.com,Password12!,civil.damages.claims+organisation.2.solicitor.137@gmail.com,hearings_admin_region2_user@justice.gov.uk,EMP261004@ejudiciary.net,Password12!,Testing123,tribunal_legal_caseworker_reg4@justice.gov.uk,Password12!,Perftest_User_Region4@ejudiciary.net,Testing123
perf-civil-hsqZF-user172@mailinator.com,Password12!,civil.damages.claims+organisation.2.solicitor.351@gmail.com,hearings_admin_region2_user@justice.gov.uk,EMP261004@ejudiciary.net,Password12!,Testing123,tribunal_legal_caseworker_reg4@justice.gov.uk,Password12!,Perftest_User_Region4@ejudiciary.net,Testing123
perf-civil-hsqZF-user173@mailinator.com,Password12!,civil.damages.claims+organisation.2.solicitor.796@gmail.com,hearings_admin_region2_user@justice.gov.uk,EMP261004@ejudiciary.net,Password12!,Testing123,tribunal_legal_caseworker_reg4@justice.gov.uk,Password12!,Perftest_User_Region4@ejudiciary.net,Testing123
perf-civil-hsqZF-user174@mailinator.com,Password12!,civil.damages.claims+organisation.2.solicitor.160@gmail.com,hearings_admin_region2_user@justice.gov.uk,EMP261004@ejudiciary.net,Password12!,Testing123,tribunal_legal_caseworker_reg4@justice.gov.uk,Password12!,Perftest_User_Region4@ejudiciary.net,Testing123
perf-civil-hsqZF-user175@mailinator.com,Password12!,civil.damages.claims+organisation.2.solicitor.527@gmail.com,hearings_admin_region2_user@justice.gov.uk,EMP261004@ejudiciary.net,Password12!,Testing123,tribunal_legal_caseworker_reg4@justice.gov.uk,Password12!,Perftest_User_Region4@ejudiciary.net,Testing123
perf-civil-hsqZF-user176@mailinator.com,Password12!,civil.damages.claims+organisation.2.solicitor.147@gmail.com,hearings_admin_region2_user@justice.gov.uk,EMP261004@ejudiciary.net,Password12!,Testing123,tribunal_legal_caseworker_reg4@justice.gov.uk,Password12!,Perftest_User_Region4@ejudiciary.net,Testing123
perf-civil-hsqZF-user177@mailinator.com,Password12!,civil.damages.claims+organisation.2.solicitor.492@gmail.com,hearings_admin_region2_user@justice.gov.uk,EMP261004@ejudiciary.net,Password12!,Testing123,tribunal_legal_caseworker_reg4@justice.gov.uk,Password12!,Perftest_User_Region4@ejudiciary.net,Testing123
perf-civil-hsqZF-user178@mailinator.com,Password12!,civil.damages.claims+organisation.2.solicitor.733@gmail.com,hearings_admin_region2_user@justice.gov.uk,EMP261004@ejudiciary.net,Password12!,Testing123,tribunal_legal_caseworker_reg4@justice.gov.uk,Password12!,Perftest_User_Region4@ejudiciary.net,Testing123
perf-civil-hsqZF-user179@mailinator.com,Password12!,civil.damages.claims+organisation.2.solicitor.565@gmail.com,hearings_admin_region2_user@justice.gov.uk,EMP261004@ejudiciary.net,Password12!,Testing123,tribunal_legal_caseworker_reg4@justice.gov.uk,Password12!,Perftest_User_Region4@ejudiciary.net,Testing123
perf-civil-hsqZF-user180@mailinator.com,Password12!,civil.damages.claims+organisation.2.solicitor.704@gmail.com,hearings_admin_region2_user@justice.gov.uk,EMP261004@ejudiciary.net,Password12!,Testing123,tribunal_legal_caseworker_reg4@justice.gov.uk,Password12!,Perftest_User_Region4@ejudiciary.net,Testing123
perf-civil-hsqZF-user181@mailinator.com,Password12!,civil.damages.claims+organisation.2.solicitor.480@gmail.com,hearings_admin_region2_user@justice.gov.uk,EMP261004@ejudiciary.net,Password12!,Testing123,tribunal_legal_caseworker_reg4@justice.gov.uk,Password12!,Perftest_User_Region4@ejudiciary.net,Testing123
perf-civil-hsqZF-user182@mailinator.com,Password12!,civil.damages.claims+organisation.2.solicitor.422@gmail.com,hearings_admin_region2_user@justice.gov.uk,EMP261004@ejudiciary.net,Password12!,Testing123,tribunal_legal_caseworker_reg4@justice.gov.uk,Password12!,Perftest_User_Region4@ejudiciary.net,Testing123
perf-civil-hsqZF-user183@mailinator.com,Password12!,civil.damages.claims+organisation.2.solicitor.882@gmail.com,hearings_admin_region2_user@justice.gov.uk,EMP261004@ejudiciary.net,Password12!,Testing123,tribunal_legal_caseworker_reg4@justice.gov.uk,Password12!,Perftest_User_Region4@ejudiciary.net,Testing123
perf-civil-hsqZF-user184@mailinator.com,Password12!,civil.damages.claims+organisation.2.solicitor.027@gmail.com,hearings_admin_region2_user@justice.gov.uk,EMP261004@ejudiciary.net,Password12!,Testing123,tribunal_legal_caseworker_reg4@justice.gov.uk,Password12!,Perftest_User_Region4@ejudiciary.net,Testing123
perf-civil-hsqZF-user185@mailinator.com,Password12!,civil.damages.claims+organisation.2.solicitor.747@gmail.com,hearings_admin_region2_user@justice.gov.uk,EMP261004@ejudiciary.net,Password12!,Testing123,tribunal_legal_caseworker_reg4@justice.gov.uk,Password12!,Perftest_User_Region4@ejudiciary.net,Testing123
perf-civil-hsqZF-user186@mailinator.com,Password12!,civil.damages.claims+organisation.2.solicitor.951@gmail.com,hearings_admin_region2_user@justice.gov.uk,EMP261004@ejudiciary.net,Password12!,Testing123,tribunal_legal_caseworker_reg4@justice.gov.uk,Password12!,Perftest_User_Region4@ejudiciary.net,Testing123
perf-civil-hsqZF-user187@mailinator.com,Password12!,civil.damages.claims+organisation.2.solicitor.281@gmail.com,hearings_admin_region2_user@justice.gov.uk,EMP261004@ejudiciary.net,Password12!,Testing123,tribunal_legal_caseworker_reg4@justice.gov.uk,Password12!,Perftest_User_Region4@ejudiciary.net,Testing123
perf-civil-hsqZF-user188@mailinator.com,Password12!,civil.damages.claims+organisation.2.solicitor.458@gmail.com,hearings_admin_region2_user@justice.gov.uk,EMP261004@ejudiciary.net,Password12!,Testing123,tribunal_legal_caseworker_reg4@justice.gov.uk,Password12!,Perftest_User_Region4@ejudiciary.net,Testing123
perf-civil-hsqZF-user189@mailinator.com,Password12!,civil.damages.claims+organisation.2.solicitor.446@gmail.com,hearings_admin_region2_user@justice.gov.uk,EMP261004@ejudiciary.net,Password12!,Testing123,tribunal_legal_caseworker_reg4@justice.gov.uk,Password12!,Perftest_User_Region4@ejudiciary.net,Testing123
perf-civil-hsqZF-user190@mailinator.com,Password12!,civil.damages.claims+organisation.2.solicitor.636@gmail.com,hearings_admin_region2_user@justice.gov.uk,EMP261004@ejudiciary.net,Password12!,Testing123,tribunal_legal_caseworker_reg4@justice.gov.uk,Password12!,Perftest_User_Region4@ejudiciary.net,Testing123
perf-civil-hsqZF-user191@mailinator.com,Password12!,civil.damages.claims+organisation.2.solicitor.318@gmail.com,hearings_admin_region2_user@justice.gov.uk,EMP261004@ejudiciary.net,Password12!,Testing123,tribunal_legal_caseworker_reg4@justice.gov.uk,Password12!,Perftest_User_Region4@ejudiciary.net,Testing123
perf-civil-hsqZF-user192@mailinator.com,Password12!,civil.damages.claims+organisation.2.solicitor.630@gmail.com,hearings_admin_region2_user@justice.gov.uk,EMP261004@ejudiciary.net,Password12!,Testing123,tribunal_legal_caseworker_reg4@justice.gov.uk,Password12!,Perftest_User_Region4@ejudiciary.net,Testing123
perf-civil-hsqZF-user193@mailinator.com,Password12!,civil.damages.claims+organisation.2.solicitor.093@gmail.com,hearings_admin_region2_user@justice.gov.uk,EMP261004@ejudiciary.net,Password12!,Testing123,tribunal_legal_caseworker_reg4@justice.gov.uk,Password12!,Perftest_User_Region4@ejudiciary.net,Testing123
perf-civil-hsqZF-user194@mailinator.com,Password12!,civil.damages.claims+organisation.2.solicitor.826@gmail.com,hearings_admin_region2_user@justice.gov.uk,EMP261004@ejudiciary.net,Password12!,Testing123,tribunal_legal_caseworker_reg4@justice.gov.uk,Password12!,Perftest_User_Region4@ejudiciary.net,Testing123
perf-civil-hsqZF-user195@mailinator.com,Password12!,civil.damages.claims+organisation.2.solicitor.206@gmail.com,hearings_admin_region2_user@justice.gov.uk,EMP261004@ejudiciary.net,Password12!,Testing123,tribunal_legal_caseworker_reg4@justice.gov.uk,Password12!,Perftest_User_Region4@ejudiciary.net,Testing123
perf-civil-hsqZF-user196@mailinator.com,Password12!,civil.damages.claims+organisation.2.solicitor.084@gmail.com,hearings_admin_region2_user@justice.gov.uk,EMP261004@ejudiciary.net,Password12!,Testing123,tribunal_legal_caseworker_reg4@justice.gov.uk,Password12!,Perftest_User_Region4@ejudiciary.net,Testing123
perf-civil-hsqZF-user197@mailinator.com,Password12!,civil.damages.claims+organisation.2.solicitor.023@gmail.com,hearings_admin_region2_user@justice.gov.uk,EMP261004@ejudiciary.net,Password12!,Testing123,tribunal_legal_caseworker_reg4@justice.gov.uk,Password12!,Perftest_User_Region4@ejudiciary.net,Testing123
perf-civil-hsqZF-user198@mailinator.com,Password12!,civil.damages.claims+organisation.2.solicitor.643@gmail.com,hearings_admin_region2_user@justice.gov.uk,EMP261004@ejudiciary.net,Password12!,Testing123,tribunal_legal_caseworker_reg4@justice.gov.uk,Password12!,Perftest_User_Region4@ejudiciary.net,Testing123
perf-civil-hsqZF-user199@mailinator.com,Password12!,civil.damages.claims+organisation.2.solicitor.625@gmail.com,hearings_admin_region2_user@justice.gov.uk,EMP261004@ejudiciary.net,Password12!,Testing123,tribunal_legal_caseworker_reg4@justice.gov.uk,Password12!,Perftest_User_Region4@ejudiciary.net,Testing123
perf-civil-hsqZF-user200@mailinator.com,Password12!,civil.damages.claims+organisation.2.solicitor.439@gmail.com,hearings_admin_region2_user@justice.gov.uk,EMP261004@ejudiciary.net,Password12!,Testing123,tribunal_legal_caseworker_reg4@justice.gov.uk,Password12!,Perftest_User_Region4@ejudiciary.net,Testing123
perf-civil-hsqZF-user201@mailinator.com,Password12!,civil.damages.claims+organisation.2.solicitor.137@gmail.com,hearings_admin_region2_user@justice.gov.uk,EMP261004@ejudiciary.net,Password12!,Testing123,tribunal_legal_caseworker_reg4@justice.gov.uk,Password12!,Perftest_User_Region4@ejudiciary.net,Testing123
perf-civil-hsqZF-user202@mailinator.com,Password12!,civil.damages.claims+organisation.2.solicitor.351@gmail.com,hearings_admin_region2_user@justice.gov.uk,EMP261004@ejudiciary.net,Password12!,Testing123,tribunal_legal_caseworker_reg4@justice.gov.uk,Password12!,Perftest_User_Region4@ejudiciary.net,Testing123
perf-civil-hsqZF-user203@mailinator.com,Password12!,civil.damages.claims+organisation.2.solicitor.796@gmail.com,hearings_admin_region2_user@justice.gov.uk,EMP261004@ejudiciary.net,Password12!,Testing123,tribunal_legal_caseworker_reg4@justice.gov.uk,Password12!,Perftest_User_Region4@ejudiciary.net,Testing123
perf-civil-hsqZF-user204@mailinator.com,Password12!,civil.damages.claims+organisation.2.solicitor.160@gmail.com,hearings_admin_region2_user@justice.gov.uk,EMP261004@ejudiciary.net,Password12!,Testing123,tribunal_legal_caseworker_reg4@justice.gov.uk,Password12!,Perftest_User_Region4@ejudiciary.net,Testing123
perf-civil-hsqZF-user205@mailinator.com,Password12!,civil.damages.claims+organisation.2.solicitor.527@gmail.com,hearings_admin_region2_user@justice.gov.uk,EMP261004@ejudiciary.net,Password12!,Testing123,tribunal_legal_caseworker_reg4@justice.gov.uk,Password12!,Perftest_User_Region4@ejudiciary.net,Testing123
perf-civil-hsqZF-user206@mailinator.com,Password12!,civil.damages.claims+organisation.2.solicitor.147@gmail.com,hearings_admin_region2_user@justice.gov.uk,EMP261004@ejudiciary.net,Password12!,Testing123,tribunal_legal_caseworker_reg4@justice.gov.uk,Password12!,Perftest_User_Region4@ejudiciary.net,Testing123
perf-civil-hsqZF-user207@mailinator.com,Password12!,civil.damages.claims+organisation.2.solicitor.492@gmail.com,hearings_admin_region2_user@justice.gov.uk,EMP261004@ejudiciary.net,Password12!,Testing123,tribunal_legal_caseworker_reg4@justice.gov.uk,Password12!,Perftest_User_Region4@ejudiciary.net,Testing123
perf-civil-hsqZF-user208@mailinator.com,Password12!,civil.damages.claims+organisation.2.solicitor.733@gmail.com,hearings_admin_region2_user@justice.gov.uk,EMP261004@ejudiciary.net,Password12!,Testing123,tribunal_legal_caseworker_reg4@justice.gov.uk,Password12!,Perftest_User_Region4@ejudiciary.net,Testing123
perf-civil-hsqZF-user209@mailinator.com,Password12!,civil.damages.claims+organisation.2.solicitor.565@gmail.com,hearings_admin_region2_user@justice.gov.uk,EMP261004@ejudiciary.net,Password12!,Testing123,tribunal_legal_caseworker_reg4@justice.gov.uk,Password12!,Perftest_User_Region4@ejudiciary.net,Testing123
perf-civil-hsqZF-user210@mailinator.com,Password12!,civil.damages.claims+organisation.2.solicitor.704@gmail.com,hearings_admin_region2_user@justice.gov.uk,EMP261004@ejudiciary.net,Password12!,Testing123,tribunal_legal_caseworker_reg4@justice.gov.uk,Password12!,Perftest_User_Region4@ejudiciary.net,Testing123
perf-civil-hsqZF-user211@mailinator.com,Password12!,civil.damages.claims+organisation.2.solicitor.480@gmail.com,hearings_admin_region2_user@justice.gov.uk,EMP261004@ejudiciary.net,Password12!,Testing123,tribunal_legal_caseworker_reg4@justice.gov.uk,Password12!,Perftest_User_Region4@ejudiciary.net,Testing123
perf-civil-hsqZF-user212@mailinator.com,Password12!,civil.damages.claims+organisation.2.solicitor.422@gmail.com,hearings_admin_region2_user@justice.gov.uk,EMP261004@ejudiciary.net,Password12!,Testing123,tribunal_legal_caseworker_reg4@justice.gov.uk,Password12!,Perftest_User_Region4@ejudiciary.net,Testing123
perf-civil-hsqZF-user213@mailinator.com,Password12!,civil.damages.claims+organisation.2.solicitor.882@gmail.com,hearings_admin_region2_user@justice.gov.uk,EMP261004@ejudiciary.net,Password12!,Testing123,tribunal_legal_caseworker_reg4@justice.gov.uk,Password12!,Perftest_User_Region4@ejudiciary.net,Testing123
perf-civil-hsqZF-user214@mailinator.com,Password12!,civil.damages.claims+organisation.2.solicitor.027@gmail.com,hearings_admin_region2_user@justice.gov.uk,EMP261004@ejudiciary.net,Password12!,Testing123,tribunal_legal_caseworker_reg4@justice.gov.uk,Password12!,Perftest_User_Region4@ejudiciary.net,Testing123
perf-civil-hsqZF-user215@mailinator.com,Password12!,civil.damages.claims+organisation.2.solicitor.747@gmail.com,hearings_admin_region2_user@justice.gov.uk,EMP261004@ejudiciary.net,Password12!,Testing123,tribunal_legal_caseworker_reg4@justice.gov.uk,Password12!,Perftest_User_Region4@ejudiciary.net,Testing123
perf-civil-hsqZF-user216@mailinator.com,Password12!,civil.damages.claims+organisation.2.solicitor.951@gmail.com,hearings_admin_region2_user@justice.gov.uk,EMP261004@ejudiciary.net,Password12!,Testing123,tribunal_legal_caseworker_reg4@justice.gov.uk,Password12!,Perftest_User_Region4@ejudiciary.net,Testing123
perf-civil-hsqZF-user217@mailinator.com,Password12!,civil.damages.claims+organisation.2.solicitor.281@gmail.com,hearings_admin_region2_user@justice.gov.uk,EMP261004@ejudiciary.net,Password12!,Testing123,tribunal_legal_caseworker_reg4@justice.gov.uk,Password12!,Perftest_User_Region4@ejudiciary.net,Testing123
perf-civil-hsqZF-user218@mailinator.com,Password12!,civil.damages.claims+organisation.2.solicitor.458@gmail.com,hearings_admin_region2_user@justice.gov.uk,EMP261004@ejudiciary.net,Password12!,Testing123,tribunal_legal_caseworker_reg4@justice.gov.uk,Password12!,Perftest_User_Region4@ejudiciary.net,Testing123
perf-civil-hsqZF-user219@mailinator.com,Password12!,civil.damages.claims+organisation.2.solicitor.446@gmail.com,hearings_admin_region2_user@justice.gov.uk,EMP261004@ejudiciary.net,Password12!,Testing123,tribunal_legal_caseworker_reg4@justice.gov.uk,Password12!,Perftest_User_Region4@ejudiciary.net,Testing123
perf-civil-hsqZF-user220@mailinator.com,Password12!,civil.damages.claims+organisation.2.solicitor.636@gmail.com,hearings_admin_region2_user@justice.gov.uk,EMP261004@ejudiciary.net,Password12!,Testing123,tribunal_legal_caseworker_reg4@justice.gov.uk,Password12!,Perftest_User_Region4@ejudiciary.net,Testing123
perf-civil-hsqZF-user221@mailinator.com,Password12!,civil.damages.claims+organisation.2.solicitor.318@gmail.com,hearings_admin_region2_user@justice.gov.uk,EMP261004@ejudiciary.net,Password12!,Testing123,tribunal_legal_caseworker_reg4@justice.gov.uk,Password12!,Perftest_User_Region4@ejudiciary.net,Testing123
perf-civil-hsqZF-user222@mailinator.com,Password12!,civil.damages.claims+organisation.2.solicitor.630@gmail.com,hearings_admin_region2_user@justice.gov.uk,EMP261004@ejudiciary.net,Password12!,Testing123,tribunal_legal_caseworker_reg4@justice.gov.uk,Password12!,Perftest_User_Region4@ejudiciary.net,Testing123
perf-civil-hsqZF-user223@mailinator.com,Password12!,civil.damages.claims+organisation.2.solicitor.093@gmail.com,hearings_admin_region2_user@justice.gov.uk,EMP261004@ejudiciary.net,Password12!,Testing123,tribunal_legal_caseworker_reg4@justice.gov.uk,Password12!,Perftest_User_Region4@ejudiciary.net,Testing123
perf-civil-hsqZF-user224@mailinator.com,Password12!,civil.damages.claims+organisation.2.solicitor.826@gmail.com,hearings_admin_region2_user@justice.gov.uk,EMP261004@ejudiciary.net,Password12!,Testing123,tribunal_legal_caseworker_reg4@justice.gov.uk,Password12!,Perftest_User_Region4@ejudiciary.net,Testing123
perf-civil-hsqZF-user225@mailinator.com,Password12!,civil.damages.claims+organisation.2.solicitor.206@gmail.com,hearings_admin_region2_user@justice.gov.uk,EMP261004@ejudiciary.net,Password12!,Testing123,tribunal_legal_caseworker_reg4@justice.gov.uk,Password12!,Perftest_User_Region4@ejudiciary.net,Testing123
perf-civil-hsqZF-user226@mailinator.com,Password12!,civil.damages.claims+organisation.2.solicitor.084@gmail.com,hearings_admin_region2_user@justice.gov.uk,EMP261004@ejudiciary.net,Password12!,Testing123,tribunal_legal_caseworker_reg4@justice.gov.uk,Password12!,Perftest_User_Region4@ejudiciary.net,Testing123
perf-civil-hsqZF-user227@mailinator.com,Password12!,civil.damages.claims+organisation.2.solicitor.023@gmail.com,hearings_admin_region2_user@justice.gov.uk,EMP261004@ejudiciary.net,Password12!,Testing123,tribunal_legal_caseworker_reg4@justice.gov.uk,Password12!,Perftest_User_Region4@ejudiciary.net,Testing123
perf-civil-hsqZF-user228@mailinator.com,Password12!,civil.damages.claims+organisation.2.solicitor.643@gmail.com,hearings_admin_region2_user@justice.gov.uk,EMP261004@ejudiciary.net,Password12!,Testing123,tribunal_legal_caseworker_reg4@justice.gov.uk,Password12!,Perftest_User_Region4@ejudiciary.net,Testing123
perf-civil-hsqZF-user229@mailinator.com,Password12!,civil.damages.claims+organisation.2.solicitor.625@gmail.com,hearings_admin_region2_user@justice.gov.uk,EMP261004@ejudiciary.net,Password12!,Testing123,tribunal_legal_caseworker_reg4@justice.gov.uk,Password12!,Perftest_User_Region4@ejudiciary.net,Testing123
perf-civil-hsqZF-user230@mailinator.com,Password12!,civil.damages.claims+organisation.2.solicitor.439@gmail.com,hearings_admin_region2_user@justice.gov.uk,EMP261004@ejudiciary.net,Password12!,Testing123,tribunal_legal_caseworker_reg4@justice.gov.uk,Password12!,Perftest_User_Region4@ejudiciary.net,Testing123
perf-civil-hsqZF-user231@mailinator.com,Password12!,civil.damages.claims+organisation.2.solicitor.137@gmail.com,hearings_admin_region2_user@justice.gov.uk,EMP261004@ejudiciary.net,Password12!,Testing123,tribunal_legal_caseworker_reg4@justice.gov.uk,Password12!,Perftest_User_Region4@ejudiciary.net,Testing123
perf-civil-hsqZF-user232@mailinator.com,Password12!,civil.damages.claims+organisation.2.solicitor.351@gmail.com,hearings_admin_region2_user@justice.gov.uk,EMP261004@ejudiciary.net,Password12!,Testing123,tribunal_legal_caseworker_reg4@justice.gov.uk,Password12!,Perftest_User_Region4@ejudiciary.net,Testing123
perf-civil-hsqZF-user233@mailinator.com,Password12!,civil.damages.claims+organisation.2.solicitor.796@gmail.com,hearings_admin_region2_user@justice.gov.uk,EMP261004@ejudiciary.net,Password12!,Testing123,tribunal_legal_caseworker_reg4@justice.gov.uk,Password12!,Perftest_User_Region4@ejudiciary.net,Testing123
perf-civil-hsqZF-user234@mailinator.com,Password12!,civil.damages.claims+organisation.2.solicitor.160@gmail.com,hearings_admin_region2_user@justice.gov.uk,EMP261004@ejudiciary.net,Password12!,Testing123,tribunal_legal_caseworker_reg4@justice.gov.uk,Password12!,Perftest_User_Region4@ejudiciary.net,Testing123
perf-civil-hsqZF-user235@mailinator.com,Password12!,civil.damages.claims+organisation.2.solicitor.527@gmail.com,hearings_admin_region2_user@justice.gov.uk,EMP261004@ejudiciary.net,Password12!,Testing123,tribunal_legal_caseworker_reg4@justice.gov.uk,Password12!,Perftest_User_Region4@ejudiciary.net,Testing123
perf-civil-hsqZF-user236@mailinator.com,Password12!,civil.damages.claims+organisation.2.solicitor.147@gmail.com,hearings_admin_region2_user@justice.gov.uk,EMP261004@ejudiciary.net,Password12!,Testing123,tribunal_legal_caseworker_reg4@justice.gov.uk,Password12!,Perftest_User_Region4@ejudiciary.net,Testing123
perf-civil-hsqZF-user237@mailinator.com,Password12!,civil.damages.claims+organisation.2.solicitor.492@gmail.com,hearings_admin_region2_user@justice.gov.uk,EMP261004@ejudiciary.net,Password12!,Testing123,tribunal_legal_caseworker_reg4@justice.gov.uk,Password12!,Perftest_User_Region4@ejudiciary.net,Testing123
perf-civil-hsqZF-user238@mailinator.com,Password12!,civil.damages.claims+organisation.2.solicitor.733@gmail.com,hearings_admin_region2_user@justice.gov.uk,EMP261004@ejudiciary.net,Password12!,Testing123,tribunal_legal_caseworker_reg4@justice.gov.uk,Password12!,Perftest_User_Region4@ejudiciary.net,Testing123
perf-civil-hsqZF-user239@mailinator.com,Password12!,civil.damages.claims+organisation.2.solicitor.565@gmail.com,hearings_admin_region2_user@justice.gov.uk,EMP261004@ejudiciary.net,Password12!,Testing123,tribunal_legal_caseworker_reg4@justice.gov.uk,Password12!,Perftest_User_Region4@ejudiciary.net,Testing123
perf-civil-hsqZF-user240@mailinator.com,Password12!,civil.damages.claims+organisation.2.solicitor.704@gmail.com,hearings_admin_region2_user@justice.gov.uk,EMP261004@ejudiciary.net,Password12!,Testing123,tribunal_legal_caseworker_reg4@justice.gov.uk,Password12!,Perftest_User_Region4@ejudiciary.net,Testing123
perf-civil-hsqZF-user241@mailinator.com,Password12!,civil.damages.claims+organisation.2.solicitor.480@gmail.com,hearings_admin_region2_user@justice.gov.uk,EMP261004@ejudiciary.net,Password12!,Testing123,tribunal_legal_caseworker_reg4@justice.gov.uk,Password12!,Perftest_User_Region4@ejudiciary.net,Testing123
perf-civil-hsqZF-user242@mailinator.com,Password12!,civil.damages.claims+organisation.2.solicitor.422@gmail.com,hearings_admin_region2_user@justice.gov.uk,EMP261004@ejudiciary.net,Password12!,Testing123,tribunal_legal_caseworker_reg4@justice.gov.uk,Password12!,Perftest_User_Region4@ejudiciary.net,Testing123
perf-civil-hsqZF-user243@mailinator.com,Password12!,civil.damages.claims+organisation.2.solicitor.882@gmail.com,hearings_admin_region2_user@justice.gov.uk,EMP261004@ejudiciary.net,Password12!,Testing123,tribunal_legal_caseworker_reg4@justice.gov.uk,Password12!,Perftest_User_Region4@ejudiciary.net,Testing123
perf-civil-hsqZF-user244@mailinator.com,Password12!,civil.damages.claims+organisation.2.solicitor.027@gmail.com,hearings_admin_region2_user@justice.gov.uk,EMP261004@ejudiciary.net,Password12!,Testing123,tribunal_legal_caseworker_reg4@justice.gov.uk,Password12!,Perftest_User_Region4@ejudiciary.net,Testing123
perf-civil-hsqZF-user245@mailinator.com,Password12!,civil.damages.claims+organisation.2.solicitor.747@gmail.com,hearings_admin_region2_user@justice.gov.uk,EMP261004@ejudiciary.net,Password12!,Testing123,tribunal_legal_caseworker_reg4@justice.gov.uk,Password12!,Perftest_User_Region4@ejudiciary.net,Testing123
perf-civil-hsqZF-user246@mailinator.com,Password12!,civil.damages.claims+organisation.2.solicitor.951@gmail.com,hearings_admin_region2_user@justice.gov.uk,EMP261004@ejudiciary.net,Password12!,Testing123,tribunal_legal_caseworker_reg4@justice.gov.uk,Password12!,Perftest_User_Region4@ejudiciary.net,Testing123
perf-civil-hsqZF-user247@mailinator.com,Password12!,civil.damages.claims+organisation.2.solicitor.281@gmail.com,hearings_admin_region2_user@justice.gov.uk,EMP261004@ejudiciary.net,Password12!,Testing123,tribunal_legal_caseworker_reg4@justice.gov.uk,Password12!,Perftest_User_Region4@ejudiciary.net,Testing123
perf-civil-hsqZF-user248@mailinator.com,Password12!,civil.damages.claims+organisation.2.solicitor.458@gmail.com,hearings_admin_region2_user@justice.gov.uk,EMP261004@ejudiciary.net,Password12!,Testing123,tribunal_legal_caseworker_reg4@justice.gov.uk,Password12!,Perftest_User_Region4@ejudiciary.net,Testing123
perf-civil-hsqZF-user249@mailinator.com,Password12!,civil.damages.claims+organisation.2.solicitor.446@gmail.com,hearings_admin_region2_user@justice.gov.uk,EMP261004@ejudiciary.net,Password12!,Testing123,tribunal_legal_caseworker_reg4@justice.gov.uk,Password12!,Perftest_User_Region4@ejudiciary.net,Testing123
perf-civil-hsqZF-user250@mailinator.com,Password12!,civil.damages.claims+organisation.2.solicitor.636@gmail.com,hearings_admin_region2_user@justice.gov.uk,EMP261004@ejudiciary.net,Password12!,Testing123,tribunal_legal_caseworker_reg4@justice.gov.uk,Password12!,Perftest_User_Region4@ejudiciary.net,Testing123
perf-civil-hsqZF-user251@mailinator.com,Password12!,civil.damages.claims+organisation.2.solicitor.318@gmail.com,hearings_admin_region2_user@justice.gov.uk,EMP261004@ejudiciary.net,Password12!,Testing123,tribunal_legal_caseworker_reg4@justice.gov.uk,Password12!,Perftest_User_Region4@ejudiciary.net,Testing123
perf-civil-hsqZF-user252@mailinator.com,Password12!,civil.damages.claims+organisation.2.solicitor.630@gmail.com,hearings_admin_region2_user@justice.gov.uk,EMP261004@ejudiciary.net,Password12!,Testing123,tribunal_legal_caseworker_reg4@justice.gov.uk,Password12!,Perftest_User_Region4@ejudiciary.net,Testing123
perf-civil-hsqZF-user253@mailinator.com,Password12!,civil.damages.claims+organisation.2.solicitor.093@gmail.com,hearings_admin_region2_user@justice.gov.uk,EMP261004@ejudiciary.net,Password12!,Testing123,tribunal_legal_caseworker_reg4@justice.gov.uk,Password12!,Perftest_User_Region4@ejudiciary.net,Testing123
perf-civil-hsqZF-user254@mailinator.com,Password12!,civil.damages.claims+organisation.2.solicitor.826@gmail.com,hearings_admin_region2_user@justice.gov.uk,EMP261004@ejudiciary.net,Password12!,Testing123,tribunal_legal_caseworker_reg4@justice.gov.uk,Password12!,Perftest_User_Region4@ejudiciary.net,Testing123
perf-civil-hsqZF-user255@mailinator.com,Password12!,civil.damages.claims+organisation.2.solicitor.206@gmail.com,hearings_admin_region2_user@justice.gov.uk,EMP261004@ejudiciary.net,Password12!,Testing123,tribunal_legal_caseworker_reg4@justice.gov.uk,Password12!,Perftest_User_Region4@ejudiciary.net,Testing123
perf-civil-hsqZF-user256@mailinator.com,Password12!,civil.damages.claims+organisation.2.solicitor.084@gmail.com,hearings_admin_region2_user@justice.gov.uk,EMP261004@ejudiciary.net,Password12!,Testing123,tribunal_legal_caseworker_reg4@justice.gov.uk,Password12!,Perftest_User_Region4@ejudiciary.net,Testing123
perf-civil-hsqZF-user257@mailinator.com,Password12!,civil.damages.claims+organisation.2.solicitor.023@gmail.com,hearings_admin_region2_user@justice.gov.uk,EMP261004@ejudiciary.net,Password12!,Testing123,tribunal_legal_caseworker_reg4@justice.gov.uk,Password12!,Perftest_User_Region4@ejudiciary.net,Testing123
perf-civil-hsqZF-user258@mailinator.com,Password12!,civil.damages.claims+organisation.2.solicitor.643@gmail.com,hearings_admin_region2_user@justice.gov.uk,EMP261004@ejudiciary.net,Password12!,Testing123,tribunal_legal_caseworker_reg4@justice.gov.uk,Password12!,Perftest_User_Region4@ejudiciary.net,Testing123
perf-civil-hsqZF-user259@mailinator.com,Password12!,civil.damages.claims+organisation.2.solicitor.625@gmail.com,hearings_admin_region2_user@justice.gov.uk,EMP261004@ejudiciary.net,Password12!,Testing123,tribunal_legal_caseworker_reg4@justice.gov.uk,Password12!,Perftest_User_Region4@ejudiciary.net,Testing123
perf-civil-hsqZF-user260@mailinator.com,Password12!,civil.damages.claims+organisation.2.solicitor.439@gmail.com,hearings_admin_region2_user@justice.gov.uk,EMP261004@ejudiciary.net,Password12!,Testing123,tribunal_legal_caseworker_reg4@justice.gov.uk,Password12!,Perftest_User_Region4@ejudiciary.net,Testing123
perf-civil-hsqZF-user261@mailinator.com,Password12!,civil.damages.claims+organisation.2.solicitor.137@gmail.com,hearings_admin_region2_user@justice.gov.uk,EMP261004@ejudiciary.net,Password12!,Testing123,tribunal_legal_caseworker_reg4@justice.gov.uk,Password12!,Perftest_User_Region4@ejudiciary.net,Testing123
perf-civil-hsqZF-user262@mailinator.com,Password12!,civil.damages.claims+organisation.2.solicitor.351@gmail.com,hearings_admin_region2_user@justice.gov.uk,EMP261004@ejudiciary.net,Password12!,Testing123,tribunal_legal_caseworker_reg4@justice.gov.uk,Password12!,Perftest_User_Region4@ejudiciary.net,Testing123
perf-civil-hsqZF-user263@mailinator.com,Password12!,civil.damages.claims+organisation.2.solicitor.796@gmail.com,hearings_admin_region2_user@justice.gov.uk,EMP261004@ejudiciary.net,Password12!,Testing123,tribunal_legal_caseworker_reg4@justice.gov.uk,Password12!,Perftest_User_Region4@ejudiciary.net,Testing123
perf-civil-hsqZF-user264@mailinator.com,Password12!,civil.damages.claims+organisation.2.solicitor.160@gmail.com,hearings_admin_region2_user@justice.gov.uk,EMP261004@ejudiciary.net,Password12!,Testing123,tribunal_legal_caseworker_reg4@justice.gov.uk,Password12!,Perftest_User_Region4@ejudiciary.net,Testing123
perf-civil-hsqZF-user265@mailinator.com,Password12!,civil.damages.claims+organisation.2.solicitor.527@gmail.com,hearings_admin_region2_user@justice.gov.uk,EMP261004@ejudiciary.net,Password12!,Testing123,tribunal_legal_caseworker_reg4@justice.gov.uk,Password12!,Perftest_User_Region4@ejudiciary.net,Testing123
perf-civil-hsqZF-user266@mailinator.com,Password12!,civil.damages.claims+organisation.2.solicitor.147@gmail.com,hearings_admin_region2_user@justice.gov.uk,EMP261004@ejudiciary.net,Password12!,Testing123,tribunal_legal_caseworker_reg4@justice.gov.uk,Password12!,Perftest_User_Region4@ejudiciary.net,Testing123
perf-civil-hsqZF-user267@mailinator.com,Password12!,civil.damages.claims+organisation.2.solicitor.492@gmail.com,hearings_admin_region2_user@justice.gov.uk,EMP261004@ejudiciary.net,Password12!,Testing123,tribunal_legal_caseworker_reg4@justice.gov.uk,Password12!,Perftest_User_Region4@ejudiciary.net,Testing123
perf-civil-hsqZF-user268@mailinator.com,Password12!,civil.damages.claims+organisation.2.solicitor.733@gmail.com,hearings_admin_region2_user@justice.gov.uk,EMP261004@ejudiciary.net,Password12!,Testing123,tribunal_legal_caseworker_reg4@justice.gov.uk,Password12!,Perftest_User_Region4@ejudiciary.net,Testing123
perf-civil-hsqZF-user269@mailinator.com,Password12!,civil.damages.claims+organisation.2.solicitor.565@gmail.com,hearings_admin_region2_user@justice.gov.uk,EMP261004@ejudiciary.net,Password12!,Testing123,tribunal_legal_caseworker_reg4@justice.gov.uk,Password12!,Perftest_User_Region4@ejudiciary.net,Testing123
perf-civil-hsqZF-user270@mailinator.com,Password12!,civil.damages.claims+organisation.2.solicitor.704@gmail.com,hearings_admin_region2_user@justice.gov.uk,EMP261004@ejudiciary.net,Password12!,Testing123,tribunal_legal_caseworker_reg4@justice.gov.uk,Password12!,Perftest_User_Region4@ejudiciary.net,Testing123
perf-civil-hsqZF-user271@mailinator.com,Password12!,civil.damages.claims+organisation.2.solicitor.480@gmail.com,hearings_admin_region2_user@justice.gov.uk,EMP261004@ejudiciary.net,Password12!,Testing123,tribunal_legal_caseworker_reg4@justice.gov.uk,Password12!,Perftest_User_Region4@ejudiciary.net,Testing123
perf-civil-hsqZF-user272@mailinator.com,Password12!,civil.damages.claims+organisation.2.solicitor.422@gmail.com,hearings_admin_region2_user@justice.gov.uk,EMP261004@ejudiciary.net,Password12!,Testing123,tribunal_legal_caseworker_reg4@justice.gov.uk,Password12!,Perftest_User_Region4@ejudiciary.net,Testing123
perf-civil-hsqZF-user273@mailinator.com,Password12!,civil.damages.claims+organisation.2.solicitor.882@gmail.com,hearings_admin_region2_user@justice.gov.uk,EMP261004@ejudiciary.net,Password12!,Testing123,tribunal_legal_caseworker_reg4@justice.gov.uk,Password12!,Perftest_User_Region4@ejudiciary.net,Testing123
perf-civil-hsqZF-user274@mailinator.com,Password12!,civil.damages.claims+organisation.2.solicitor.027@gmail.com,hearings_admin_region2_user@justice.gov.uk,EMP261004@ejudiciary.net,Password12!,Testing123,tribunal_legal_caseworker_reg4@justice.gov.uk,Password12!,Perftest_User_Region4@ejudiciary.net,Testing123
perf-civil-hsqZF-user275@mailinator.com,Password12!,civil.damages.claims+organisation.2.solicitor.747@gmail.com,hearings_admin_region2_user@justice.gov.uk,EMP261004@ejudiciary.net,Password12!,Testing123,tribunal_legal_caseworker_reg4@justice.gov.uk,Password12!,Perftest_User_Region4@ejudiciary.net,Testing123
perf-civil-hsqZF-user276@mailinator.com,Password12!,civil.damages.claims+organisation.2.solicitor.951@gmail.com,hearings_admin_region2_user@justice.gov.uk,EMP261004@ejudiciary.net,Password12!,Testing123,tribunal_legal_caseworker_reg4@justice.gov.uk,Password12!,Perftest_User_Region4@ejudiciary.net,Testing123
perf-civil-hsqZF-user277@mailinator.com,Password12!,civil.damages.claims+organisation.2.solicitor.281@gmail.com,hearings_admin_region2_user@justice.gov.uk,EMP261004@ejudiciary.net,Password12!,Testing123,tribunal_legal_caseworker_reg4@justice.gov.uk,Password12!,Perftest_User_Region4@ejudiciary.net,Testing123
perf-civil-hsqZF-user278@mailinator.com,Password12!,civil.damages.claims+organisation.2.solicitor.458@gmail.com,hearings_admin_region2_user@justice.gov.uk,EMP261004@ejudiciary.net,Password12!,Testing123,tribunal_legal_caseworker_reg4@justice.gov.uk,Password12!,Perftest_User_Region4@ejudiciary.net,Testing123
perf-civil-hsqZF-user279@mailinator.com,Password12!,civil.damages.claims+organisation.2.solicitor.446@gmail.com,hearings_admin_region2_user@justice.gov.uk,EMP261004@ejudiciary.net,Password12!,Testing123,tribunal_legal_caseworker_reg4@justice.gov.uk,Password12!,Perftest_User_Region4@ejudiciary.net,Testing123
perf-civil-hsqZF-user280@mailinator.com,Password12!,civil.damages.claims+organisation.2.solicitor.636@gmail.com,hearings_admin_region2_user@justice.gov.uk,EMP261004@ejudiciary.net,Password12!,Testing123,tribunal_legal_caseworker_reg4@justice.gov.uk,Password12!,Perftest_User_Region4@ejudiciary.net,Testing123
perf-civil-hsqZF-user281@mailinator.com,Password12!,civil.damages.claims+organisation.2.solicitor.318@gmail.com,hearings_admin_region2_user@justice.gov.uk,EMP261004@ejudiciary.net,Password12!,Testing123,tribunal_legal_caseworker_reg4@justice.gov.uk,Password12!,Perftest_User_Region4@ejudiciary.net,Testing123
perf-civil-hsqZF-user282@mailinator.com,Password12!,civil.damages.claims+organisation.2.solicitor.630@gmail.com,hearings_admin_region2_user@justice.gov.uk,EMP261004@ejudiciary.net,Password12!,Testing123,tribunal_legal_caseworker_reg4@justice.gov.uk,Password12!,Perftest_User_Region4@ejudiciary.net,Testing123
perf-civil-hsqZF-user283@mailinator.com,Password12!,civil.damages.claims+organisation.2.solicitor.093@gmail.com,hearings_admin_region2_user@justice.gov.uk,EMP261004@ejudiciary.net,Password12!,Testing123,tribunal_legal_caseworker_reg4@justice.gov.uk,Password12!,Perftest_User_Region4@ejudiciary.net,Testing123
perf-civil-hsqZF-user284@mailinator.com,Password12!,civil.damages.claims+organisation.2.solicitor.826@gmail.com,hearings_admin_region2_user@justice.gov.uk,EMP261004@ejudiciary.net,Password12!,Testing123,tribunal_legal_caseworker_reg4@justice.gov.uk,Password12!,Perftest_User_Region4@ejudiciary.net,Testing123
perf-civil-hsqZF-user285@mailinator.com,Password12!,civil.damages.claims+organisation.2.solicitor.206@gmail.com,hearings_admin_region2_user@justice.gov.uk,EMP261004@ejudiciary.net,Password12!,Testing123,tribunal_legal_caseworker_reg4@justice.gov.uk,Password12!,Perftest_User_Region4@ejudiciary.net,Testing123
perf-civil-hsqZF-user286@mailinator.com,Password12!,civil.damages.claims+organisation.2.solicitor.084@gmail.com,hearings_admin_region2_user@justice.gov.uk,EMP261004@ejudiciary.net,Password12!,Testing123,tribunal_legal_caseworker_reg4@justice.gov.uk,Password12!,Perftest_User_Region4@ejudiciary.net,Testing123
perf-civil-hsqZF-user287@mailinator.com,Password12!,civil.damages.claims+organisation.2.solicitor.023@gmail.com,hearings_admin_region2_user@justice.gov.uk,EMP261004@ejudiciary.net,Password12!,Testing123,tribunal_legal_caseworker_reg4@justice.gov.uk,Password12!,Perftest_User_Region4@ejudiciary.net,Testing123
perf-civil-hsqZF-user288@mailinator.com,Password12!,civil.damages.claims+organisation.2.solicitor.643@gmail.com,hearings_admin_region2_user@justice.gov.uk,EMP261004@ejudiciary.net,Password12!,Testing123,tribunal_legal_caseworker_reg4@justice.gov.uk,Password12!,Perftest_User_Region4@ejudiciary.net,Testing123
perf-civil-hsqZF-user289@mailinator.com,Password12!,civil.damages.claims+organisation.2.solicitor.625@gmail.com,hearings_admin_region2_user@justice.gov.uk,EMP261004@ejudiciary.net,Password12!,Testing123,tribunal_legal_caseworker_reg4@justice.gov.uk,Password12!,Perftest_User_Region4@ejudiciary.net,Testing123
perf-civil-hsqZF-user290@mailinator.com,Password12!,civil.damages.claims+organisation.2.solicitor.439@gmail.com,hearings_admin_region2_user@justice.gov.uk,EMP261004@ejudiciary.net,Password12!,Testing123,tribunal_legal_caseworker_reg4@justice.gov.uk,Password12!,Perftest_User_Region4@ejudiciary.net,Testing123
perf-civil-hsqZF-user291@mailinator.com,Password12!,civil.damages.claims+organisation.2.solicitor.137@gmail.com,hearings_admin_region2_user@justice.gov.uk,EMP261004@ejudiciary.net,Password12!,Testing123,tribunal_legal_caseworker_reg4@justice.gov.uk,Password12!,Perftest_User_Region4@ejudiciary.net,Testing123
perf-civil-hsqZF-user292@mailinator.com,Password12!,civil.damages.claims+organisation.2.solicitor.351@gmail.com,hearings_admin_region2_user@justice.gov.uk,EMP261004@ejudiciary.net,Password12!,Testing123,tribunal_legal_caseworker_reg4@justice.gov.uk,Password12!,Perftest_User_Region4@ejudiciary.net,Testing123
perf-civil-hsqZF-user293@mailinator.com,Password12!,civil.damages.claims+organisation.2.solicitor.796@gmail.com,hearings_admin_region2_user@justice.gov.uk,EMP261004@ejudiciary.net,Password12!,Testing123,tribunal_legal_caseworker_reg4@justice.gov.uk,Password12!,Perftest_User_Region4@ejudiciary.net,Testing123
perf-civil-hsqZF-user294@mailinator.com,Password12!,civil.damages.claims+organisation.2.solicitor.160@gmail.com,hearings_admin_region2_user@justice.gov.uk,EMP261004@ejudiciary.net,Password12!,Testing123,tribunal_legal_caseworker_reg4@justice.gov.uk,Password12!,Perftest_User_Region4@ejudiciary.net,Testing123
perf-civil-hsqZF-user295@mailinator.com,Password12!,civil.damages.claims+organisation.2.solicitor.527@gmail.com,hearings_admin_region2_user@justice.gov.uk,EMP261004@ejudiciary.net,Password12!,Testing123,tribunal_legal_caseworker_reg4@justice.gov.uk,Password12!,Perftest_User_Region4@ejudiciary.net,Testing123
perf-civil-hsqZF-user296@mailinator.com,Password12!,civil.damages.claims+organisation.2.solicitor.147@gmail.com,hearings_admin_region2_user@justice.gov.uk,EMP261004@ejudiciary.net,Password12!,Testing123,tribunal_legal_caseworker_reg4@justice.gov.uk,Password12!,Perftest_User_Region4@ejudiciary.net,Testing123
perf-civil-hsqZF-user297@mailinator.com,Password12!,civil.damages.claims+organisation.2.solicitor.492@gmail.com,hearings_admin_region2_user@justice.gov.uk,EMP261004@ejudiciary.net,Password12!,Testing123,tribunal_legal_caseworker_reg4@justice.gov.uk,Password12!,Perftest_User_Region4@ejudiciary.net,Testing123
perf-civil-hsqZF-user298@mailinator.com,Password12!,civil.damages.claims+organisation.2.solicitor.733@gmail.com,hearings_admin_region2_user@justice.gov.uk,EMP261004@ejudiciary.net,Password12!,Testing123,tribunal_legal_caseworker_reg4@justice.gov.uk,Password12!,Perftest_User_Region4@ejudiciary.net,Testing123
perf-civil-hsqZF-user299@mailinator.com,Password12!,civil.damages.claims+organisation.2.solicitor.565@gmail.com,hearings_admin_region2_user@justice.gov.uk,EMP261004@ejudiciary.net,Password12!,Testing123,tribunal_legal_caseworker_reg4@justice.gov.uk,Password12!,Perftest_User_Region4@ejudiciary.net,Testing123